vOTU	Organic Nitrogen	MISC	carbon utilization	carbon utilization (Woodcroft)	Energy	Transporters
vOTU00005	FALSE	FALSE	FALSE	FALSE	FALSE	FALSE
vOTU00012	TRUE	FALSE	FALSE	FALSE	FALSE	FALSE
vOTU00014	TRUE	TRUE	TRUE	TRUE	TRUE	TRUE
vOTU00016	FALSE	FALSE	FALSE	FALSE	FALSE	FALSE
vOTU00018	FALSE	FALSE	FALSE	FALSE	FALSE	FALSE
vOTU00024	TRUE	FALSE	FALSE	FALSE	FALSE	FALSE
vOTU00029	FALSE	FALSE	FALSE	FALSE	FALSE	FALSE
vOTU00063	TRUE	TRUE	TRUE	FALSE	TRUE	FALSE
vOTU00065	FALSE	FALSE	FALSE	FALSE	FALSE	FALSE
vOTU00071	FALSE	FALSE	FALSE	FALSE	FALSE	FALSE
vOTU00076	FALSE	FALSE	FALSE	FALSE	FALSE	FALSE
vOTU00078	FALSE	FALSE	FALSE	FALSE	FALSE	FALSE
vOTU00079	FALSE	FALSE	FALSE	FALSE	FALSE	FALSE
vOTU00083	FALSE	FALSE	FALSE	FALSE	FALSE	FALSE
vOTU00088	FALSE	FALSE	FALSE	FALSE	FALSE	FALSE
vOTU00091	FALSE	TRUE	FALSE	FALSE	FALSE	FALSE
vOTU00093	FALSE	FALSE	FALSE	FALSE	FALSE	FALSE
vOTU00094	TRUE	FALSE	FALSE	FALSE	FALSE	FALSE
vOTU00095	FALSE	FALSE	FALSE	FALSE	FALSE	FALSE
vOTU00100	FALSE	FALSE	FALSE	FALSE	FALSE	FALSE
vOTU00102	FALSE	FALSE	FALSE	FALSE	FALSE	FALSE
vOTU00108	FALSE	FALSE	FALSE	FALSE	FALSE	TRUE
vOTU00113	FALSE	FALSE	FALSE	FALSE	FALSE	FALSE
vOTU00121	FALSE	FALSE	TRUE	FALSE	FALSE	TRUE
vOTU00130	TRUE	FALSE	FALSE	FALSE	FALSE	FALSE
vOTU00132	FALSE	FALSE	FALSE	FALSE	FALSE	FALSE
vOTU00138	TRUE	FALSE	FALSE	FALSE	FALSE	FALSE
vOTU00142	FALSE	FALSE	FALSE	FALSE	FALSE	FALSE
vOTU00156	TRUE	FALSE	FALSE	FALSE	FALSE	FALSE
vOTU00158	FALSE	FALSE	FALSE	FALSE	FALSE	FALSE
vOTU00160	FALSE	FALSE	FALSE	FALSE	FALSE	FALSE
vOTU00163	TRUE	FALSE	FALSE	FALSE	FALSE	FALSE
vOTU00180	FALSE	TRUE	FALSE	FALSE	FALSE	FALSE
vOTU00183	TRUE	FALSE	FALSE	FALSE	FALSE	FALSE
vOTU00185	FALSE	FALSE	FALSE	FALSE	FALSE	FALSE
vOTU00186	FALSE	FALSE	FALSE	FALSE	FALSE	FALSE
vOTU00188	FALSE	FALSE	FALSE	FALSE	FALSE	FALSE
vOTU00191	FALSE	TRUE	FALSE	FALSE	FALSE	FALSE
vOTU00192	FALSE	FALSE	FALSE	FALSE	FALSE	FALSE
vOTU00193	FALSE	FALSE	FALSE	FALSE	FALSE	FALSE
vOTU00194	FALSE	FALSE	FALSE	FALSE	FALSE	FALSE
vOTU00227	TRUE	FALSE	FALSE	FALSE	FALSE	FALSE
vOTU00236	TRUE	FALSE	FALSE	FALSE	FALSE	FALSE
vOTU00238	FALSE	FALSE	FALSE	FALSE	FALSE	FALSE
vOTU00240	FALSE	FALSE	FALSE	FALSE	FALSE	FALSE
vOTU00242	FALSE	TRUE	FALSE	FALSE	FALSE	FALSE
vOTU00246	FALSE	FALSE	FALSE	FALSE	FALSE	FALSE
vOTU00249	FALSE	FALSE	FALSE	FALSE	FALSE	FALSE
vOTU00250	FALSE	FALSE	FALSE	FALSE	FALSE	FALSE
vOTU00251	FALSE	FALSE	FALSE	FALSE	FALSE	FALSE
vOTU00254	FALSE	FALSE	FALSE	FALSE	FALSE	FALSE
vOTU00258	FALSE	FALSE	FALSE	FALSE	FALSE	FALSE
vOTU00259	FALSE	FALSE	FALSE	FALSE	FALSE	FALSE
vOTU00260	FALSE	FALSE	FALSE	FALSE	FALSE	FALSE
vOTU00261	FALSE	FALSE	FALSE	FALSE	FALSE	FALSE
vOTU00263	FALSE	FALSE	FALSE	FALSE	FALSE	FALSE
vOTU00273	FALSE	FALSE	FALSE	FALSE	FALSE	FALSE
vOTU00279	FALSE	FALSE	FALSE	FALSE	FALSE	FALSE
vOTU00280	TRUE	TRUE	TRUE	FALSE	FALSE	FALSE
vOTU00282	TRUE	FALSE	FALSE	FALSE	FALSE	FALSE
vOTU00292	FALSE	FALSE	FALSE	FALSE	FALSE	FALSE
vOTU00295	FALSE	TRUE	FALSE	FALSE	FALSE	FALSE
vOTU00296	FALSE	FALSE	FALSE	FALSE	FALSE	FALSE
vOTU00299	FALSE	FALSE	FALSE	FALSE	FALSE	FALSE
vOTU00300	FALSE	FALSE	FALSE	FALSE	FALSE	FALSE
vOTU00307	FALSE	FALSE	FALSE	FALSE	FALSE	FALSE
vOTU00308	FALSE	FALSE	FALSE	FALSE	FALSE	FALSE
vOTU00312	TRUE	FALSE	FALSE	FALSE	FALSE	FALSE
vOTU00317	TRUE	FALSE	FALSE	FALSE	FALSE	FALSE
vOTU00326	FALSE	FALSE	FALSE	FALSE	FALSE	FALSE
vOTU00335	FALSE	FALSE	FALSE	FALSE	FALSE	FALSE
vOTU00340	FALSE	FALSE	FALSE	FALSE	FALSE	FALSE
vOTU00347	FALSE	TRUE	FALSE	FALSE	FALSE	FALSE
vOTU00371	FALSE	FALSE	FALSE	FALSE	FALSE	FALSE
vOTU00375	FALSE	FALSE	FALSE	FALSE	FALSE	FALSE
vOTU00386	FALSE	FALSE	FALSE	FALSE	FALSE	FALSE
vOTU00387	FALSE	TRUE	FALSE	FALSE	FALSE	FALSE
vOTU00391	FALSE	FALSE	FALSE	FALSE	FALSE	FALSE
vOTU00400	FALSE	FALSE	FALSE	FALSE	FALSE	FALSE
vOTU00401	FALSE	FALSE	FALSE	FALSE	FALSE	FALSE
vOTU00402	FALSE	FALSE	FALSE	FALSE	FALSE	FALSE
vOTU00403	FALSE	FALSE	FALSE	FALSE	FALSE	FALSE
vOTU00409	FALSE	FALSE	FALSE	FALSE	FALSE	FALSE
vOTU00412	TRUE	FALSE	FALSE	FALSE	FALSE	FALSE
vOTU00413	FALSE	FALSE	FALSE	FALSE	FALSE	FALSE
vOTU00418	FALSE	FALSE	FALSE	FALSE	FALSE	TRUE
vOTU00425	FALSE	FALSE	FALSE	FALSE	FALSE	FALSE
vOTU00433	FALSE	FALSE	FALSE	FALSE	FALSE	FALSE
vOTU00447	FALSE	FALSE	FALSE	FALSE	FALSE	FALSE
vOTU00463	FALSE	FALSE	FALSE	FALSE	FALSE	FALSE
vOTU00466	FALSE	FALSE	FALSE	FALSE	FALSE	FALSE
vOTU00478	FALSE	TRUE	FALSE	FALSE	FALSE	FALSE
vOTU00480	FALSE	FALSE	FALSE	FALSE	FALSE	FALSE
vOTU00483	TRUE	TRUE	FALSE	FALSE	FALSE	FALSE
vOTU00486	FALSE	FALSE	FALSE	FALSE	FALSE	FALSE
vOTU00488	TRUE	FALSE	FALSE	FALSE	FALSE	FALSE
vOTU00495	FALSE	FALSE	FALSE	FALSE	FALSE	FALSE
vOTU00524	FALSE	FALSE	FALSE	FALSE	FALSE	FALSE
vOTU00532	FALSE	TRUE	FALSE	FALSE	FALSE	FALSE
vOTU00551	FALSE	FALSE	FALSE	FALSE	FALSE	FALSE
vOTU00553	FALSE	FALSE	FALSE	FALSE	FALSE	FALSE
vOTU00555	FALSE	FALSE	FALSE	FALSE	FALSE	FALSE
vOTU00565	FALSE	FALSE	FALSE	FALSE	FALSE	FALSE
vOTU00579	FALSE	FALSE	FALSE	FALSE	FALSE	FALSE
vOTU00580	TRUE	FALSE	FALSE	FALSE	FALSE	FALSE
vOTU00588	FALSE	FALSE	FALSE	FALSE	FALSE	FALSE
vOTU00603	TRUE	FALSE	FALSE	FALSE	FALSE	FALSE
vOTU00608	FALSE	FALSE	FALSE	FALSE	FALSE	FALSE
vOTU00609	FALSE	FALSE	FALSE	FALSE	FALSE	FALSE
vOTU00612	FALSE	FALSE	FALSE	FALSE	FALSE	FALSE
vOTU00622	TRUE	FALSE	FALSE	FALSE	FALSE	FALSE
vOTU00644	FALSE	FALSE	FALSE	FALSE	FALSE	FALSE
vOTU00645	FALSE	FALSE	FALSE	FALSE	FALSE	FALSE
vOTU00662	FALSE	FALSE	FALSE	FALSE	FALSE	FALSE
vOTU00673	FALSE	FALSE	FALSE	FALSE	FALSE	FALSE
vOTU00675	FALSE	FALSE	FALSE	FALSE	FALSE	FALSE
vOTU00676	FALSE	TRUE	FALSE	FALSE	FALSE	FALSE
vOTU00680	FALSE	FALSE	FALSE	FALSE	FALSE	FALSE
vOTU00681	FALSE	FALSE	FALSE	FALSE	FALSE	FALSE
vOTU00693	FALSE	FALSE	FALSE	FALSE	FALSE	FALSE
vOTU00695	FALSE	FALSE	FALSE	FALSE	FALSE	FALSE
vOTU00697	FALSE	FALSE	FALSE	FALSE	FALSE	FALSE
vOTU00705	FALSE	FALSE	FALSE	FALSE	FALSE	FALSE
vOTU00711	FALSE	FALSE	FALSE	FALSE	FALSE	FALSE
vOTU00724	FALSE	FALSE	FALSE	FALSE	FALSE	FALSE
vOTU00731	FALSE	FALSE	FALSE	FALSE	FALSE	FALSE
vOTU00737	FALSE	TRUE	FALSE	FALSE	FALSE	FALSE
vOTU00738	FALSE	FALSE	FALSE	FALSE	FALSE	FALSE
vOTU00750	FALSE	FALSE	FALSE	FALSE	FALSE	FALSE
vOTU00780	FALSE	FALSE	FALSE	FALSE	FALSE	FALSE
vOTU00784	FALSE	FALSE	FALSE	FALSE	FALSE	FALSE
vOTU00820	FALSE	FALSE	FALSE	FALSE	FALSE	FALSE
vOTU00822	FALSE	FALSE	FALSE	FALSE	FALSE	FALSE
vOTU00823	FALSE	TRUE	FALSE	FALSE	FALSE	FALSE
vOTU00824	FALSE	FALSE	FALSE	FALSE	FALSE	FALSE
vOTU00827	FALSE	FALSE	FALSE	FALSE	FALSE	FALSE
vOTU00878	FALSE	FALSE	FALSE	FALSE	FALSE	FALSE
vOTU00880	FALSE	TRUE	FALSE	FALSE	FALSE	FALSE
vOTU00890	FALSE	FALSE	FALSE	FALSE	FALSE	FALSE
vOTU00895	FALSE	FALSE	FALSE	FALSE	FALSE	FALSE
vOTU00898	TRUE	FALSE	FALSE	FALSE	FALSE	FALSE
vOTU00912	TRUE	TRUE	FALSE	FALSE	FALSE	TRUE
vOTU00985	FALSE	FALSE	FALSE	FALSE	FALSE	FALSE
vOTU01004	FALSE	FALSE	FALSE	FALSE	FALSE	FALSE
vOTU01008	FALSE	FALSE	FALSE	FALSE	FALSE	FALSE
vOTU01025	FALSE	FALSE	FALSE	FALSE	FALSE	FALSE
vOTU01051	FALSE	FALSE	FALSE	FALSE	FALSE	FALSE
vOTU01070	FALSE	TRUE	FALSE	FALSE	FALSE	FALSE
vOTU01078	FALSE	FALSE	FALSE	FALSE	FALSE	FALSE
vOTU01123	FALSE	FALSE	FALSE	FALSE	FALSE	FALSE
vOTU01126	FALSE	FALSE	FALSE	FALSE	FALSE	FALSE
vOTU01131	FALSE	FALSE	FALSE	FALSE	FALSE	FALSE
vOTU01137	FALSE	FALSE	FALSE	FALSE	FALSE	FALSE
vOTU01148	FALSE	FALSE	FALSE	FALSE	FALSE	FALSE
vOTU01177	FALSE	FALSE	FALSE	FALSE	FALSE	FALSE
vOTU01179	FALSE	FALSE	FALSE	FALSE	FALSE	FALSE
vOTU01200	FALSE	TRUE	FALSE	FALSE	FALSE	FALSE
vOTU01201	FALSE	FALSE	FALSE	FALSE	FALSE	FALSE
vOTU01204	FALSE	FALSE	FALSE	FALSE	FALSE	FALSE
vOTU01206	FALSE	FALSE	FALSE	FALSE	FALSE	FALSE
vOTU01207	FALSE	FALSE	FALSE	FALSE	FALSE	FALSE
vOTU01208	FALSE	FALSE	FALSE	FALSE	FALSE	FALSE
vOTU01218	FALSE	FALSE	FALSE	FALSE	FALSE	FALSE
vOTU01238	FALSE	TRUE	FALSE	FALSE	FALSE	TRUE
vOTU01240	TRUE	FALSE	FALSE	FALSE	FALSE	FALSE
vOTU01249	FALSE	FALSE	FALSE	FALSE	FALSE	FALSE
vOTU01255	TRUE	FALSE	FALSE	FALSE	FALSE	FALSE
vOTU01267	FALSE	FALSE	FALSE	FALSE	FALSE	FALSE
vOTU01272	FALSE	FALSE	FALSE	FALSE	FALSE	FALSE
vOTU01291	FALSE	FALSE	FALSE	FALSE	FALSE	FALSE
vOTU01293	FALSE	FALSE	FALSE	FALSE	FALSE	FALSE
vOTU01317	TRUE	FALSE	FALSE	FALSE	FALSE	FALSE
vOTU01323	FALSE	TRUE	FALSE	FALSE	FALSE	FALSE
vOTU01326	FALSE	FALSE	FALSE	FALSE	FALSE	FALSE
vOTU01345	FALSE	FALSE	FALSE	FALSE	FALSE	FALSE
vOTU01369	FALSE	FALSE	FALSE	FALSE	FALSE	FALSE
vOTU01425	FALSE	FALSE	FALSE	FALSE	FALSE	FALSE
vOTU01439	TRUE	FALSE	TRUE	FALSE	TRUE	FALSE
vOTU01447	FALSE	FALSE	FALSE	FALSE	FALSE	FALSE
vOTU01475	FALSE	TRUE	FALSE	FALSE	FALSE	FALSE
vOTU01494	TRUE	FALSE	FALSE	FALSE	FALSE	FALSE
vOTU01518	FALSE	FALSE	FALSE	FALSE	FALSE	FALSE
vOTU01534	FALSE	FALSE	FALSE	FALSE	FALSE	FALSE
vOTU01544	FALSE	FALSE	FALSE	FALSE	FALSE	FALSE
vOTU01554	FALSE	FALSE	FALSE	FALSE	FALSE	FALSE
vOTU01557	FALSE	FALSE	FALSE	FALSE	FALSE	FALSE
vOTU01580	FALSE	FALSE	FALSE	FALSE	FALSE	FALSE
vOTU01596	FALSE	FALSE	FALSE	FALSE	FALSE	FALSE
vOTU01610	FALSE	FALSE	FALSE	FALSE	FALSE	FALSE
vOTU01639	TRUE	FALSE	FALSE	FALSE	FALSE	FALSE
vOTU01649	TRUE	TRUE	TRUE	TRUE	FALSE	TRUE
vOTU01662	FALSE	FALSE	FALSE	FALSE	FALSE	FALSE
vOTU01673	FALSE	FALSE	FALSE	FALSE	FALSE	FALSE
vOTU01693	FALSE	FALSE	FALSE	FALSE	FALSE	FALSE
vOTU01695	FALSE	FALSE	FALSE	FALSE	FALSE	FALSE
vOTU01696	TRUE	TRUE	TRUE	TRUE	FALSE	TRUE
vOTU01721	FALSE	TRUE	FALSE	FALSE	FALSE	FALSE
vOTU01740	FALSE	FALSE	FALSE	FALSE	FALSE	FALSE
vOTU01768	FALSE	FALSE	FALSE	FALSE	FALSE	FALSE
vOTU01771	FALSE	FALSE	FALSE	FALSE	FALSE	FALSE
vOTU01785	FALSE	TRUE	FALSE	FALSE	FALSE	FALSE
vOTU01802	TRUE	FALSE	FALSE	FALSE	FALSE	FALSE
vOTU01810	FALSE	TRUE	FALSE	FALSE	TRUE	FALSE
vOTU01813	FALSE	FALSE	FALSE	FALSE	FALSE	FALSE
vOTU01817	FALSE	FALSE	FALSE	FALSE	FALSE	FALSE
vOTU01821	FALSE	FALSE	FALSE	FALSE	FALSE	FALSE
vOTU01834	FALSE	FALSE	FALSE	FALSE	FALSE	FALSE
vOTU01854	TRUE	FALSE	FALSE	FALSE	FALSE	TRUE
vOTU01870	FALSE	FALSE	FALSE	FALSE	FALSE	FALSE
vOTU01932	FALSE	FALSE	FALSE	FALSE	FALSE	FALSE
vOTU01946	FALSE	FALSE	FALSE	FALSE	FALSE	FALSE
vOTU01948	FALSE	TRUE	TRUE	FALSE	FALSE	FALSE
vOTU01950	FALSE	TRUE	FALSE	FALSE	FALSE	FALSE
vOTU01977	FALSE	FALSE	FALSE	FALSE	FALSE	FALSE
vOTU01980	TRUE	FALSE	FALSE	FALSE	FALSE	FALSE
vOTU01983	TRUE	FALSE	FALSE	FALSE	FALSE	FALSE
vOTU01989	FALSE	FALSE	FALSE	FALSE	FALSE	FALSE
vOTU02002	FALSE	FALSE	FALSE	FALSE	FALSE	FALSE
vOTU02048	FALSE	FALSE	FALSE	FALSE	FALSE	FALSE
vOTU02093	FALSE	FALSE	FALSE	FALSE	FALSE	FALSE
vOTU02110	FALSE	FALSE	FALSE	FALSE	FALSE	FALSE
vOTU02114	FALSE	FALSE	FALSE	FALSE	FALSE	FALSE
vOTU02119	FALSE	FALSE	FALSE	FALSE	FALSE	FALSE
vOTU02131	FALSE	FALSE	FALSE	FALSE	FALSE	FALSE
vOTU02134	TRUE	FALSE	FALSE	FALSE	FALSE	FALSE
vOTU02143	TRUE	TRUE	FALSE	FALSE	FALSE	FALSE
vOTU02145	FALSE	FALSE	FALSE	FALSE	FALSE	FALSE
vOTU02182	FALSE	FALSE	FALSE	FALSE	FALSE	FALSE
vOTU02190	FALSE	FALSE	FALSE	FALSE	FALSE	FALSE
vOTU02201	FALSE	FALSE	FALSE	FALSE	FALSE	FALSE
vOTU02204	FALSE	FALSE	FALSE	FALSE	FALSE	FALSE
vOTU02281	FALSE	FALSE	FALSE	FALSE	FALSE	FALSE
vOTU02314	FALSE	FALSE	FALSE	FALSE	FALSE	FALSE
vOTU02333	TRUE	TRUE	FALSE	TRUE	FALSE	FALSE
vOTU02349	FALSE	FALSE	FALSE	FALSE	FALSE	FALSE
vOTU02368	TRUE	FALSE	FALSE	FALSE	FALSE	FALSE
vOTU02369	FALSE	FALSE	FALSE	FALSE	FALSE	FALSE
vOTU02381	FALSE	FALSE	FALSE	FALSE	FALSE	FALSE
vOTU02394	FALSE	FALSE	FALSE	FALSE	FALSE	FALSE
vOTU02412	FALSE	FALSE	FALSE	FALSE	FALSE	FALSE
vOTU02434	FALSE	FALSE	FALSE	FALSE	FALSE	FALSE
vOTU02459	TRUE	FALSE	FALSE	FALSE	FALSE	FALSE
vOTU02489	FALSE	FALSE	FALSE	FALSE	FALSE	FALSE
vOTU02490	FALSE	FALSE	FALSE	FALSE	FALSE	FALSE
vOTU02518	FALSE	FALSE	FALSE	FALSE	FALSE	FALSE
vOTU02569	FALSE	FALSE	FALSE	FALSE	FALSE	FALSE
vOTU02594	TRUE	FALSE	FALSE	FALSE	FALSE	FALSE
vOTU02647	FALSE	FALSE	FALSE	FALSE	FALSE	FALSE
vOTU02662	FALSE	FALSE	FALSE	FALSE	FALSE	FALSE
vOTU02672	FALSE	FALSE	FALSE	FALSE	FALSE	FALSE
vOTU02676	FALSE	FALSE	FALSE	FALSE	TRUE	FALSE
vOTU02686	TRUE	FALSE	FALSE	FALSE	FALSE	FALSE
vOTU02714	FALSE	FALSE	FALSE	FALSE	FALSE	FALSE
vOTU02738	FALSE	FALSE	FALSE	FALSE	FALSE	FALSE
vOTU02745	FALSE	FALSE	FALSE	FALSE	FALSE	FALSE
vOTU02762	FALSE	FALSE	FALSE	FALSE	FALSE	FALSE
vOTU02785	FALSE	FALSE	FALSE	FALSE	FALSE	FALSE
vOTU02786	FALSE	TRUE	FALSE	FALSE	FALSE	FALSE
vOTU02830	FALSE	FALSE	FALSE	FALSE	FALSE	FALSE
vOTU02833	FALSE	FALSE	FALSE	FALSE	FALSE	FALSE
vOTU02838	FALSE	FALSE	FALSE	FALSE	FALSE	FALSE
vOTU02851	FALSE	TRUE	FALSE	FALSE	FALSE	FALSE
vOTU02878	TRUE	FALSE	FALSE	FALSE	FALSE	FALSE
vOTU02888	FALSE	FALSE	FALSE	FALSE	FALSE	FALSE
vOTU02889	FALSE	FALSE	FALSE	FALSE	FALSE	FALSE
vOTU02890	FALSE	FALSE	FALSE	FALSE	FALSE	FALSE
vOTU02895	FALSE	FALSE	FALSE	FALSE	FALSE	FALSE
vOTU02939	FALSE	FALSE	FALSE	FALSE	FALSE	FALSE
vOTU02961	FALSE	TRUE	FALSE	FALSE	FALSE	FALSE
vOTU02979	FALSE	TRUE	FALSE	FALSE	FALSE	FALSE
vOTU02986	FALSE	FALSE	FALSE	FALSE	FALSE	FALSE
vOTU02987	FALSE	FALSE	FALSE	FALSE	FALSE	FALSE
vOTU02992	FALSE	FALSE	FALSE	FALSE	FALSE	FALSE
vOTU03002	FALSE	FALSE	FALSE	FALSE	FALSE	FALSE
vOTU03023	FALSE	FALSE	FALSE	FALSE	FALSE	FALSE
vOTU03024	FALSE	TRUE	FALSE	FALSE	FALSE	FALSE
vOTU03038	TRUE	FALSE	FALSE	FALSE	FALSE	FALSE
vOTU03063	FALSE	FALSE	FALSE	FALSE	FALSE	FALSE
vOTU03071	TRUE	FALSE	FALSE	FALSE	FALSE	FALSE
vOTU03096	FALSE	TRUE	FALSE	FALSE	FALSE	FALSE
vOTU03098	FALSE	FALSE	FALSE	FALSE	FALSE	FALSE
vOTU03122	FALSE	FALSE	FALSE	FALSE	FALSE	FALSE
vOTU03126	FALSE	FALSE	FALSE	FALSE	FALSE	FALSE
vOTU03187	FALSE	TRUE	FALSE	FALSE	FALSE	FALSE
vOTU03191	TRUE	FALSE	FALSE	FALSE	FALSE	FALSE
vOTU03203	FALSE	FALSE	FALSE	FALSE	FALSE	FALSE
vOTU03234	FALSE	FALSE	FALSE	FALSE	FALSE	FALSE
vOTU03255	FALSE	FALSE	FALSE	FALSE	FALSE	FALSE
vOTU03294	FALSE	FALSE	FALSE	FALSE	FALSE	FALSE
vOTU03296	FALSE	FALSE	FALSE	FALSE	FALSE	FALSE
vOTU03300	FALSE	FALSE	FALSE	FALSE	FALSE	FALSE
vOTU03303	FALSE	FALSE	FALSE	FALSE	FALSE	FALSE
vOTU03392	FALSE	TRUE	FALSE	FALSE	FALSE	FALSE
vOTU03409	FALSE	FALSE	FALSE	FALSE	FALSE	FALSE
vOTU03469	FALSE	FALSE	FALSE	FALSE	FALSE	FALSE
vOTU03471	FALSE	FALSE	FALSE	FALSE	FALSE	FALSE
vOTU03484	FALSE	TRUE	FALSE	FALSE	FALSE	FALSE
vOTU03493	FALSE	FALSE	FALSE	FALSE	FALSE	FALSE
vOTU03497	FALSE	FALSE	FALSE	FALSE	FALSE	FALSE
vOTU03509	TRUE	FALSE	FALSE	FALSE	FALSE	FALSE
vOTU03514	TRUE	FALSE	FALSE	FALSE	FALSE	FALSE
vOTU03527	FALSE	FALSE	FALSE	FALSE	FALSE	FALSE
vOTU03533	FALSE	FALSE	FALSE	FALSE	FALSE	FALSE
vOTU03546	FALSE	FALSE	FALSE	FALSE	FALSE	FALSE
vOTU03552	FALSE	FALSE	FALSE	FALSE	FALSE	FALSE
vOTU03611	FALSE	TRUE	FALSE	FALSE	FALSE	FALSE
vOTU03653	FALSE	FALSE	FALSE	FALSE	FALSE	FALSE
vOTU03661	TRUE	FALSE	FALSE	FALSE	FALSE	FALSE
vOTU03675	FALSE	FALSE	FALSE	FALSE	TRUE	FALSE
vOTU03697	FALSE	FALSE	FALSE	FALSE	FALSE	FALSE
vOTU03699	TRUE	FALSE	FALSE	FALSE	FALSE	FALSE
vOTU03720	FALSE	FALSE	FALSE	FALSE	FALSE	FALSE
vOTU03777	FALSE	FALSE	FALSE	FALSE	FALSE	FALSE
vOTU03844	FALSE	FALSE	FALSE	FALSE	FALSE	FALSE
vOTU03872	FALSE	FALSE	FALSE	FALSE	FALSE	FALSE
vOTU03890	FALSE	FALSE	FALSE	FALSE	FALSE	FALSE
vOTU03895	FALSE	FALSE	FALSE	FALSE	FALSE	FALSE
vOTU03921	FALSE	FALSE	FALSE	FALSE	FALSE	FALSE
vOTU03928	TRUE	FALSE	FALSE	FALSE	FALSE	FALSE
vOTU03935	FALSE	FALSE	FALSE	FALSE	FALSE	FALSE
vOTU03973	FALSE	FALSE	FALSE	FALSE	FALSE	FALSE
vOTU04016	FALSE	FALSE	FALSE	FALSE	FALSE	FALSE
vOTU04034	FALSE	FALSE	FALSE	FALSE	FALSE	FALSE
vOTU04060	FALSE	FALSE	FALSE	FALSE	FALSE	FALSE
vOTU04097	TRUE	FALSE	FALSE	FALSE	FALSE	FALSE
vOTU04103	FALSE	FALSE	FALSE	FALSE	FALSE	FALSE
vOTU04108	TRUE	FALSE	FALSE	FALSE	FALSE	FALSE
vOTU04124	TRUE	FALSE	FALSE	FALSE	FALSE	FALSE
vOTU04155	TRUE	TRUE	FALSE	FALSE	FALSE	FALSE
vOTU04171	FALSE	FALSE	FALSE	FALSE	FALSE	FALSE
vOTU04186	TRUE	FALSE	FALSE	FALSE	FALSE	FALSE
vOTU04260	FALSE	TRUE	FALSE	FALSE	FALSE	FALSE
vOTU04265	FALSE	FALSE	FALSE	FALSE	FALSE	FALSE
vOTU04294	FALSE	TRUE	FALSE	FALSE	FALSE	FALSE
vOTU04308	FALSE	FALSE	FALSE	FALSE	FALSE	FALSE
vOTU04326	FALSE	FALSE	FALSE	FALSE	FALSE	FALSE
vOTU04348	FALSE	FALSE	FALSE	FALSE	FALSE	FALSE
vOTU04356	FALSE	FALSE	FALSE	FALSE	FALSE	FALSE
vOTU04360	FALSE	FALSE	FALSE	FALSE	FALSE	FALSE
vOTU04386	FALSE	FALSE	FALSE	FALSE	FALSE	FALSE
vOTU04445	FALSE	FALSE	FALSE	FALSE	FALSE	FALSE
vOTU04451	FALSE	FALSE	FALSE	FALSE	FALSE	FALSE
vOTU04464	FALSE	FALSE	FALSE	FALSE	FALSE	FALSE
vOTU04479	FALSE	FALSE	FALSE	FALSE	FALSE	FALSE
vOTU04495	FALSE	FALSE	FALSE	FALSE	FALSE	FALSE
vOTU04498	FALSE	FALSE	FALSE	FALSE	FALSE	FALSE
vOTU04533	FALSE	FALSE	FALSE	FALSE	FALSE	FALSE
vOTU04543	FALSE	FALSE	FALSE	FALSE	FALSE	FALSE
vOTU04573	TRUE	FALSE	FALSE	FALSE	FALSE	FALSE
vOTU04595	FALSE	FALSE	FALSE	FALSE	FALSE	FALSE
vOTU04631	FALSE	FALSE	FALSE	FALSE	FALSE	FALSE
vOTU04682	FALSE	FALSE	FALSE	FALSE	FALSE	FALSE
vOTU04689	FALSE	FALSE	FALSE	FALSE	FALSE	FALSE
vOTU04715	FALSE	FALSE	FALSE	FALSE	FALSE	FALSE
vOTU04729	FALSE	FALSE	FALSE	FALSE	FALSE	FALSE
vOTU04752	FALSE	FALSE	FALSE	FALSE	FALSE	FALSE
vOTU04762	FALSE	FALSE	FALSE	FALSE	FALSE	FALSE
vOTU04776	TRUE	TRUE	FALSE	FALSE	FALSE	FALSE
vOTU04786	FALSE	FALSE	FALSE	FALSE	FALSE	FALSE
vOTU04811	TRUE	TRUE	FALSE	FALSE	FALSE	FALSE
vOTU04840	FALSE	FALSE	FALSE	FALSE	FALSE	FALSE
vOTU04864	TRUE	FALSE	FALSE	FALSE	FALSE	FALSE
vOTU04869	TRUE	FALSE	FALSE	FALSE	FALSE	FALSE
vOTU04891	FALSE	FALSE	FALSE	FALSE	FALSE	FALSE
vOTU04906	FALSE	FALSE	FALSE	FALSE	FALSE	FALSE
vOTU04908	TRUE	FALSE	FALSE	FALSE	FALSE	FALSE
vOTU04926	FALSE	FALSE	FALSE	FALSE	FALSE	FALSE
vOTU04949	FALSE	FALSE	FALSE	FALSE	FALSE	FALSE
vOTU04955	FALSE	FALSE	FALSE	FALSE	FALSE	FALSE
vOTU04969	FALSE	FALSE	FALSE	FALSE	FALSE	FALSE
vOTU04979	FALSE	FALSE	FALSE	FALSE	FALSE	FALSE
vOTU04991	FALSE	FALSE	TRUE	FALSE	FALSE	TRUE
vOTU05009	FALSE	TRUE	FALSE	FALSE	FALSE	FALSE
vOTU05017	FALSE	TRUE	FALSE	FALSE	FALSE	FALSE
vOTU05051	FALSE	FALSE	FALSE	FALSE	FALSE	FALSE
vOTU05075	TRUE	FALSE	FALSE	FALSE	FALSE	FALSE
vOTU05095	FALSE	FALSE	FALSE	FALSE	FALSE	FALSE
vOTU05120	TRUE	FALSE	FALSE	FALSE	FALSE	FALSE
vOTU05190	FALSE	FALSE	FALSE	FALSE	FALSE	FALSE
vOTU05210	FALSE	FALSE	FALSE	FALSE	FALSE	FALSE
vOTU05219	FALSE	FALSE	FALSE	FALSE	FALSE	FALSE
vOTU05224	FALSE	FALSE	FALSE	FALSE	FALSE	FALSE
vOTU05228	TRUE	FALSE	FALSE	FALSE	FALSE	FALSE
vOTU05256	FALSE	FALSE	FALSE	FALSE	FALSE	FALSE
vOTU05257	FALSE	FALSE	FALSE	FALSE	FALSE	FALSE
vOTU05270	FALSE	TRUE	FALSE	FALSE	FALSE	FALSE
vOTU05275	TRUE	FALSE	FALSE	FALSE	FALSE	FALSE
vOTU05284	FALSE	FALSE	FALSE	FALSE	FALSE	FALSE
vOTU05304	FALSE	FALSE	FALSE	FALSE	FALSE	FALSE
vOTU05309	FALSE	FALSE	FALSE	FALSE	FALSE	FALSE
vOTU05321	TRUE	FALSE	FALSE	FALSE	FALSE	FALSE
vOTU05340	TRUE	FALSE	FALSE	FALSE	FALSE	FALSE
vOTU05361	FALSE	FALSE	FALSE	FALSE	FALSE	FALSE
vOTU05363	FALSE	FALSE	FALSE	FALSE	FALSE	FALSE
vOTU05376	FALSE	FALSE	FALSE	FALSE	FALSE	FALSE
vOTU05387	FALSE	FALSE	FALSE	FALSE	FALSE	FALSE
vOTU05392	FALSE	TRUE	TRUE	FALSE	FALSE	FALSE
vOTU05395	FALSE	FALSE	FALSE	FALSE	FALSE	FALSE
vOTU05417	FALSE	TRUE	FALSE	FALSE	FALSE	FALSE
vOTU05424	TRUE	FALSE	FALSE	FALSE	FALSE	FALSE
vOTU05432	TRUE	FALSE	FALSE	FALSE	FALSE	TRUE
vOTU05445	FALSE	FALSE	FALSE	FALSE	FALSE	FALSE
vOTU05455	TRUE	FALSE	TRUE	FALSE	FALSE	FALSE
vOTU05458	FALSE	FALSE	FALSE	FALSE	FALSE	FALSE
vOTU05459	FALSE	FALSE	FALSE	FALSE	FALSE	FALSE
vOTU05463	FALSE	FALSE	FALSE	FALSE	FALSE	FALSE
vOTU05472	FALSE	FALSE	FALSE	FALSE	FALSE	FALSE
vOTU05487	TRUE	FALSE	FALSE	FALSE	FALSE	FALSE
vOTU05494	FALSE	FALSE	FALSE	FALSE	FALSE	FALSE
vOTU05501	FALSE	FALSE	FALSE	FALSE	FALSE	FALSE
vOTU05509	FALSE	FALSE	FALSE	FALSE	FALSE	FALSE
vOTU05533	FALSE	FALSE	FALSE	FALSE	FALSE	FALSE
vOTU05550	FALSE	TRUE	FALSE	FALSE	FALSE	FALSE
vOTU05567	FALSE	FALSE	FALSE	FALSE	FALSE	FALSE
vOTU05571	TRUE	FALSE	FALSE	FALSE	FALSE	FALSE
vOTU05594	FALSE	FALSE	FALSE	FALSE	FALSE	FALSE
vOTU05613	FALSE	FALSE	FALSE	FALSE	FALSE	FALSE
vOTU05614	TRUE	FALSE	FALSE	FALSE	FALSE	TRUE
vOTU05636	FALSE	FALSE	FALSE	FALSE	FALSE	FALSE
vOTU05637	FALSE	FALSE	FALSE	FALSE	FALSE	FALSE
vOTU05645	FALSE	FALSE	FALSE	FALSE	FALSE	FALSE
vOTU05666	FALSE	FALSE	FALSE	FALSE	FALSE	FALSE
vOTU05693	FALSE	FALSE	FALSE	FALSE	FALSE	FALSE
vOTU05696	FALSE	FALSE	FALSE	FALSE	FALSE	FALSE
vOTU05721	FALSE	FALSE	FALSE	FALSE	FALSE	FALSE
vOTU05728	FALSE	FALSE	FALSE	FALSE	FALSE	FALSE
vOTU05751	FALSE	TRUE	FALSE	FALSE	FALSE	FALSE
vOTU05755	TRUE	FALSE	FALSE	FALSE	FALSE	FALSE
vOTU05756	FALSE	FALSE	FALSE	FALSE	FALSE	FALSE
vOTU05795	FALSE	FALSE	FALSE	FALSE	FALSE	FALSE
vOTU05816	FALSE	FALSE	FALSE	FALSE	FALSE	FALSE
vOTU05827	FALSE	FALSE	FALSE	FALSE	FALSE	FALSE
vOTU05833	FALSE	FALSE	FALSE	FALSE	FALSE	FALSE
vOTU05846	TRUE	FALSE	FALSE	FALSE	FALSE	FALSE
vOTU05868	FALSE	FALSE	FALSE	FALSE	FALSE	FALSE
vOTU05869	FALSE	FALSE	FALSE	FALSE	FALSE	FALSE
vOTU05883	FALSE	FALSE	FALSE	FALSE	FALSE	FALSE
vOTU05884	FALSE	FALSE	FALSE	FALSE	FALSE	FALSE
vOTU05885	FALSE	FALSE	FALSE	FALSE	FALSE	FALSE
vOTU05888	FALSE	FALSE	FALSE	FALSE	FALSE	FALSE
vOTU05899	FALSE	TRUE	FALSE	FALSE	FALSE	FALSE
vOTU05919	FALSE	FALSE	FALSE	FALSE	FALSE	FALSE
vOTU05965	FALSE	FALSE	FALSE	FALSE	FALSE	FALSE
vOTU05973	FALSE	FALSE	FALSE	FALSE	FALSE	FALSE
vOTU05990	FALSE	TRUE	FALSE	FALSE	FALSE	FALSE
vOTU06024	FALSE	FALSE	FALSE	FALSE	FALSE	FALSE
vOTU06025	FALSE	FALSE	FALSE	FALSE	FALSE	FALSE
vOTU06029	FALSE	FALSE	FALSE	FALSE	FALSE	FALSE
vOTU06030	TRUE	FALSE	FALSE	FALSE	FALSE	FALSE
vOTU06039	FALSE	FALSE	FALSE	FALSE	FALSE	FALSE
vOTU06078	FALSE	TRUE	FALSE	FALSE	FALSE	FALSE
vOTU06084	FALSE	FALSE	FALSE	FALSE	FALSE	FALSE
vOTU06091	FALSE	FALSE	FALSE	FALSE	FALSE	FALSE
vOTU06101	FALSE	FALSE	FALSE	FALSE	FALSE	FALSE
vOTU06102	FALSE	FALSE	FALSE	FALSE	FALSE	FALSE
vOTU06109	FALSE	FALSE	FALSE	FALSE	FALSE	FALSE
vOTU06111	FALSE	FALSE	FALSE	FALSE	FALSE	FALSE
vOTU06114	FALSE	FALSE	FALSE	FALSE	FALSE	FALSE
vOTU06116	FALSE	FALSE	FALSE	FALSE	FALSE	FALSE
vOTU06117	FALSE	FALSE	FALSE	FALSE	FALSE	FALSE
vOTU06130	FALSE	FALSE	FALSE	FALSE	FALSE	FALSE
vOTU06136	FALSE	FALSE	FALSE	FALSE	FALSE	FALSE
vOTU06143	FALSE	FALSE	FALSE	FALSE	FALSE	FALSE
vOTU06147	FALSE	FALSE	FALSE	FALSE	FALSE	FALSE
vOTU06160	FALSE	FALSE	FALSE	FALSE	FALSE	FALSE
vOTU06168	TRUE	FALSE	FALSE	FALSE	FALSE	FALSE
vOTU06171	FALSE	FALSE	FALSE	FALSE	FALSE	FALSE
vOTU06179	FALSE	FALSE	FALSE	FALSE	FALSE	FALSE
vOTU06184	FALSE	TRUE	FALSE	FALSE	FALSE	FALSE
vOTU06185	FALSE	FALSE	FALSE	FALSE	FALSE	FALSE
vOTU06193	FALSE	FALSE	FALSE	FALSE	FALSE	FALSE
vOTU06197	FALSE	FALSE	FALSE	FALSE	FALSE	FALSE
vOTU06198	FALSE	FALSE	FALSE	FALSE	FALSE	FALSE
vOTU06200	FALSE	FALSE	FALSE	FALSE	FALSE	FALSE
vOTU06201	FALSE	FALSE	FALSE	FALSE	FALSE	FALSE
vOTU06202	FALSE	FALSE	FALSE	FALSE	FALSE	FALSE
vOTU06203	TRUE	FALSE	FALSE	FALSE	FALSE	FALSE
vOTU06204	FALSE	FALSE	TRUE	FALSE	FALSE	FALSE
vOTU06206	FALSE	FALSE	FALSE	FALSE	FALSE	FALSE
vOTU06209	FALSE	FALSE	FALSE	FALSE	FALSE	FALSE
vOTU06210	FALSE	FALSE	TRUE	FALSE	FALSE	TRUE
vOTU06211	FALSE	FALSE	FALSE	FALSE	FALSE	FALSE
vOTU06212	FALSE	FALSE	FALSE	FALSE	FALSE	FALSE
vOTU06216	FALSE	FALSE	FALSE	FALSE	FALSE	FALSE
vOTU06223	FALSE	FALSE	FALSE	FALSE	FALSE	FALSE
vOTU06227	FALSE	FALSE	FALSE	FALSE	FALSE	FALSE
vOTU06236	FALSE	FALSE	FALSE	FALSE	FALSE	FALSE
vOTU06238	FALSE	FALSE	FALSE	FALSE	FALSE	FALSE
vOTU06243	FALSE	FALSE	FALSE	FALSE	FALSE	FALSE
vOTU06244	FALSE	FALSE	FALSE	FALSE	FALSE	FALSE
vOTU06246	FALSE	TRUE	FALSE	FALSE	FALSE	FALSE
vOTU06250	TRUE	TRUE	TRUE	FALSE	TRUE	TRUE
vOTU06260	FALSE	FALSE	FALSE	FALSE	FALSE	FALSE
vOTU06261	FALSE	FALSE	FALSE	FALSE	FALSE	FALSE
vOTU06264	FALSE	FALSE	FALSE	FALSE	FALSE	FALSE
vOTU06270	FALSE	FALSE	FALSE	FALSE	FALSE	FALSE
vOTU06274	FALSE	FALSE	FALSE	FALSE	FALSE	FALSE
vOTU06277	FALSE	FALSE	FALSE	FALSE	FALSE	FALSE
vOTU06280	FALSE	FALSE	FALSE	FALSE	FALSE	FALSE
vOTU06285	FALSE	FALSE	FALSE	FALSE	FALSE	FALSE
vOTU06294	FALSE	FALSE	FALSE	FALSE	FALSE	FALSE
vOTU06304	FALSE	FALSE	FALSE	FALSE	FALSE	FALSE
vOTU06326	FALSE	FALSE	FALSE	FALSE	FALSE	FALSE
vOTU06327	TRUE	FALSE	FALSE	FALSE	FALSE	FALSE
vOTU06330	FALSE	FALSE	FALSE	FALSE	FALSE	FALSE
vOTU06332	FALSE	FALSE	FALSE	FALSE	FALSE	FALSE
vOTU06333	FALSE	FALSE	FALSE	FALSE	FALSE	FALSE
vOTU06338	FALSE	FALSE	FALSE	FALSE	FALSE	FALSE
vOTU06344	FALSE	FALSE	FALSE	FALSE	FALSE	FALSE
vOTU06349	FALSE	FALSE	FALSE	FALSE	FALSE	FALSE
vOTU06359	FALSE	FALSE	FALSE	FALSE	FALSE	FALSE
vOTU06362	FALSE	FALSE	FALSE	FALSE	FALSE	FALSE
vOTU06365	TRUE	TRUE	TRUE	FALSE	FALSE	TRUE
vOTU06368	FALSE	FALSE	FALSE	FALSE	FALSE	FALSE
vOTU06370	FALSE	FALSE	FALSE	FALSE	FALSE	FALSE
vOTU06373	TRUE	TRUE	FALSE	FALSE	FALSE	FALSE
vOTU06381	FALSE	FALSE	FALSE	FALSE	FALSE	FALSE
vOTU06382	TRUE	FALSE	FALSE	FALSE	FALSE	TRUE
vOTU06383	TRUE	FALSE	FALSE	FALSE	FALSE	FALSE
vOTU06386	FALSE	FALSE	FALSE	FALSE	FALSE	FALSE
vOTU06391	FALSE	TRUE	FALSE	FALSE	FALSE	FALSE
vOTU06392	TRUE	TRUE	FALSE	FALSE	FALSE	TRUE
vOTU06394	FALSE	FALSE	FALSE	FALSE	FALSE	FALSE
vOTU06401	FALSE	FALSE	FALSE	FALSE	FALSE	FALSE
vOTU06405	FALSE	FALSE	FALSE	FALSE	FALSE	TRUE
vOTU06406	FALSE	FALSE	FALSE	FALSE	FALSE	FALSE
vOTU06407	FALSE	FALSE	FALSE	FALSE	FALSE	FALSE
vOTU06410	FALSE	FALSE	FALSE	FALSE	FALSE	FALSE
vOTU06411	FALSE	FALSE	FALSE	FALSE	FALSE	FALSE
vOTU06413	FALSE	FALSE	FALSE	FALSE	FALSE	FALSE
vOTU06415	FALSE	FALSE	FALSE	FALSE	FALSE	FALSE
vOTU06416	FALSE	FALSE	FALSE	FALSE	FALSE	FALSE
vOTU06418	FALSE	FALSE	FALSE	FALSE	FALSE	FALSE
vOTU06427	TRUE	FALSE	FALSE	FALSE	FALSE	FALSE
vOTU06441	FALSE	FALSE	FALSE	FALSE	FALSE	FALSE
vOTU06442	FALSE	FALSE	FALSE	FALSE	FALSE	FALSE
vOTU06450	TRUE	FALSE	FALSE	FALSE	FALSE	FALSE
vOTU06451	FALSE	FALSE	FALSE	FALSE	FALSE	FALSE
vOTU06457	FALSE	FALSE	FALSE	FALSE	FALSE	FALSE
vOTU06458	FALSE	TRUE	FALSE	FALSE	FALSE	FALSE
vOTU06460	FALSE	FALSE	FALSE	FALSE	FALSE	FALSE
vOTU06461	TRUE	FALSE	FALSE	FALSE	FALSE	FALSE
vOTU06471	FALSE	FALSE	FALSE	FALSE	FALSE	FALSE
vOTU06476	FALSE	FALSE	FALSE	FALSE	FALSE	FALSE
vOTU06490	FALSE	FALSE	FALSE	FALSE	FALSE	FALSE
vOTU06499	FALSE	FALSE	FALSE	FALSE	FALSE	FALSE
vOTU06500	FALSE	FALSE	FALSE	FALSE	FALSE	FALSE
vOTU06505	FALSE	FALSE	FALSE	FALSE	FALSE	FALSE
vOTU06510	FALSE	FALSE	FALSE	FALSE	FALSE	FALSE
vOTU06516	FALSE	FALSE	FALSE	FALSE	FALSE	FALSE
vOTU06517	FALSE	FALSE	FALSE	FALSE	FALSE	FALSE
vOTU06519	FALSE	FALSE	FALSE	FALSE	FALSE	FALSE
vOTU06521	FALSE	TRUE	FALSE	FALSE	FALSE	TRUE
vOTU06523	FALSE	FALSE	FALSE	FALSE	FALSE	FALSE
vOTU06524	FALSE	FALSE	FALSE	FALSE	FALSE	FALSE
vOTU06527	FALSE	FALSE	FALSE	FALSE	FALSE	FALSE
vOTU06530	TRUE	FALSE	FALSE	FALSE	FALSE	FALSE
vOTU06536	TRUE	FALSE	FALSE	FALSE	FALSE	FALSE
vOTU06537	FALSE	FALSE	FALSE	FALSE	FALSE	FALSE
vOTU06546	FALSE	TRUE	FALSE	FALSE	FALSE	FALSE
vOTU06561	FALSE	FALSE	FALSE	FALSE	FALSE	FALSE
vOTU06575	FALSE	FALSE	FALSE	FALSE	FALSE	FALSE
vOTU06578	FALSE	FALSE	FALSE	FALSE	FALSE	FALSE
vOTU06603	FALSE	TRUE	FALSE	FALSE	FALSE	FALSE
vOTU06625	FALSE	FALSE	FALSE	FALSE	FALSE	FALSE
vOTU06632	FALSE	FALSE	FALSE	FALSE	FALSE	FALSE
vOTU06641	FALSE	TRUE	FALSE	FALSE	FALSE	FALSE
vOTU06651	FALSE	FALSE	FALSE	FALSE	FALSE	FALSE
vOTU06656	FALSE	FALSE	FALSE	FALSE	FALSE	FALSE
vOTU06669	FALSE	FALSE	FALSE	FALSE	FALSE	FALSE
vOTU06670	FALSE	FALSE	FALSE	FALSE	FALSE	FALSE
vOTU06672	FALSE	FALSE	FALSE	FALSE	FALSE	FALSE
vOTU06678	FALSE	FALSE	FALSE	FALSE	FALSE	FALSE
vOTU06679	FALSE	FALSE	FALSE	FALSE	FALSE	FALSE
vOTU06695	FALSE	FALSE	FALSE	FALSE	FALSE	FALSE
vOTU06698	TRUE	FALSE	FALSE	FALSE	TRUE	FALSE
vOTU06703	FALSE	TRUE	FALSE	FALSE	FALSE	FALSE
vOTU06707	TRUE	FALSE	FALSE	FALSE	FALSE	FALSE
vOTU06709	FALSE	FALSE	FALSE	FALSE	FALSE	FALSE
vOTU06719	TRUE	TRUE	FALSE	FALSE	FALSE	FALSE
vOTU06724	FALSE	FALSE	FALSE	FALSE	FALSE	FALSE
vOTU06725	FALSE	FALSE	FALSE	FALSE	FALSE	FALSE
vOTU06736	FALSE	FALSE	FALSE	FALSE	FALSE	FALSE
vOTU06739	FALSE	FALSE	FALSE	FALSE	FALSE	FALSE
vOTU06751	FALSE	FALSE	FALSE	FALSE	FALSE	FALSE
vOTU06753	FALSE	FALSE	FALSE	FALSE	FALSE	FALSE
vOTU06766	TRUE	TRUE	TRUE	FALSE	TRUE	TRUE
vOTU06777	TRUE	FALSE	FALSE	FALSE	FALSE	FALSE
vOTU06779	FALSE	FALSE	FALSE	FALSE	FALSE	FALSE
vOTU06782	FALSE	FALSE	FALSE	FALSE	FALSE	FALSE
vOTU06788	FALSE	FALSE	FALSE	FALSE	FALSE	FALSE
vOTU06796	TRUE	FALSE	FALSE	FALSE	FALSE	FALSE
vOTU06802	FALSE	FALSE	FALSE	FALSE	FALSE	FALSE
vOTU06805	FALSE	FALSE	FALSE	FALSE	FALSE	FALSE
vOTU06808	FALSE	FALSE	FALSE	FALSE	FALSE	FALSE
vOTU06813	FALSE	FALSE	FALSE	FALSE	FALSE	FALSE
vOTU06828	FALSE	FALSE	FALSE	FALSE	FALSE	FALSE
vOTU06829	FALSE	FALSE	FALSE	FALSE	FALSE	FALSE
vOTU06837	FALSE	FALSE	FALSE	FALSE	FALSE	FALSE
vOTU06847	FALSE	FALSE	FALSE	FALSE	FALSE	FALSE
vOTU06860	FALSE	FALSE	FALSE	FALSE	FALSE	FALSE
vOTU06864	TRUE	FALSE	FALSE	FALSE	FALSE	FALSE
vOTU06867	TRUE	FALSE	FALSE	FALSE	FALSE	FALSE
vOTU06890	FALSE	FALSE	FALSE	FALSE	FALSE	FALSE
vOTU06900	FALSE	FALSE	FALSE	FALSE	FALSE	FALSE
vOTU06903	FALSE	FALSE	FALSE	FALSE	FALSE	FALSE
vOTU06910	TRUE	FALSE	FALSE	FALSE	FALSE	FALSE
vOTU06924	FALSE	FALSE	FALSE	FALSE	FALSE	FALSE
vOTU06939	TRUE	FALSE	FALSE	FALSE	FALSE	FALSE
vOTU06940	FALSE	FALSE	FALSE	FALSE	FALSE	FALSE
vOTU06946	FALSE	FALSE	FALSE	FALSE	FALSE	FALSE
vOTU06949	FALSE	FALSE	FALSE	FALSE	FALSE	TRUE
vOTU06952	FALSE	FALSE	FALSE	FALSE	FALSE	FALSE
vOTU06961	FALSE	FALSE	FALSE	FALSE	FALSE	FALSE
vOTU06966	FALSE	FALSE	FALSE	FALSE	FALSE	FALSE
vOTU06969	FALSE	FALSE	FALSE	FALSE	FALSE	FALSE
vOTU06984	FALSE	FALSE	FALSE	FALSE	FALSE	FALSE
vOTU06986	TRUE	FALSE	FALSE	FALSE	FALSE	FALSE
vOTU06989	TRUE	TRUE	FALSE	FALSE	FALSE	FALSE
vOTU06994	FALSE	FALSE	FALSE	FALSE	FALSE	FALSE
vOTU07002	FALSE	FALSE	FALSE	FALSE	FALSE	FALSE
vOTU07009	FALSE	FALSE	FALSE	FALSE	FALSE	FALSE
vOTU07020	FALSE	FALSE	FALSE	FALSE	FALSE	FALSE
vOTU07021	FALSE	FALSE	FALSE	FALSE	FALSE	FALSE
vOTU07024	FALSE	FALSE	FALSE	FALSE	FALSE	FALSE
vOTU07035	FALSE	FALSE	FALSE	FALSE	FALSE	FALSE
vOTU07041	FALSE	FALSE	FALSE	FALSE	FALSE	FALSE
vOTU07042	FALSE	FALSE	FALSE	FALSE	FALSE	FALSE
vOTU07045	FALSE	FALSE	FALSE	FALSE	FALSE	FALSE
vOTU07046	TRUE	FALSE	FALSE	FALSE	FALSE	FALSE
vOTU07053	FALSE	FALSE	FALSE	FALSE	FALSE	FALSE
vOTU07076	FALSE	FALSE	FALSE	FALSE	FALSE	FALSE
vOTU07082	FALSE	FALSE	FALSE	FALSE	FALSE	FALSE
vOTU07094	FALSE	FALSE	FALSE	FALSE	FALSE	FALSE
vOTU07130	FALSE	TRUE	FALSE	FALSE	FALSE	FALSE
vOTU07146	TRUE	FALSE	FALSE	FALSE	FALSE	FALSE
vOTU07153	FALSE	FALSE	FALSE	FALSE	FALSE	FALSE
vOTU07162	FALSE	FALSE	FALSE	FALSE	FALSE	FALSE
vOTU07167	FALSE	FALSE	FALSE	FALSE	FALSE	FALSE
vOTU07218	FALSE	FALSE	FALSE	FALSE	FALSE	FALSE
vOTU07254	FALSE	FALSE	FALSE	FALSE	FALSE	FALSE
vOTU07287	FALSE	FALSE	FALSE	FALSE	FALSE	FALSE
vOTU07288	FALSE	FALSE	FALSE	FALSE	FALSE	FALSE
vOTU07295	FALSE	FALSE	FALSE	FALSE	FALSE	FALSE
vOTU07300	FALSE	FALSE	FALSE	FALSE	FALSE	FALSE
vOTU07316	FALSE	TRUE	FALSE	FALSE	FALSE	FALSE
vOTU07318	FALSE	FALSE	FALSE	FALSE	FALSE	FALSE
vOTU07329	FALSE	FALSE	FALSE	FALSE	FALSE	FALSE
vOTU07330	FALSE	TRUE	FALSE	FALSE	FALSE	FALSE
vOTU07334	FALSE	FALSE	FALSE	FALSE	FALSE	FALSE
vOTU07336	FALSE	FALSE	FALSE	FALSE	FALSE	FALSE
vOTU07352	TRUE	TRUE	TRUE	FALSE	TRUE	TRUE
vOTU07355	FALSE	FALSE	FALSE	FALSE	FALSE	FALSE
vOTU07361	FALSE	FALSE	FALSE	FALSE	FALSE	FALSE
vOTU07371	FALSE	FALSE	FALSE	FALSE	FALSE	FALSE
vOTU07401	FALSE	FALSE	FALSE	FALSE	FALSE	FALSE
vOTU07403	FALSE	FALSE	FALSE	FALSE	FALSE	FALSE
vOTU07411	FALSE	TRUE	FALSE	FALSE	FALSE	FALSE
vOTU07430	TRUE	FALSE	FALSE	FALSE	FALSE	FALSE
vOTU07431	FALSE	FALSE	FALSE	FALSE	FALSE	FALSE
vOTU07435	FALSE	FALSE	FALSE	FALSE	FALSE	FALSE
vOTU07437	FALSE	FALSE	FALSE	FALSE	FALSE	FALSE
vOTU07447	FALSE	TRUE	FALSE	FALSE	FALSE	FALSE
vOTU07452	FALSE	TRUE	FALSE	FALSE	FALSE	FALSE
vOTU07461	FALSE	FALSE	FALSE	FALSE	FALSE	FALSE
vOTU07465	FALSE	FALSE	FALSE	FALSE	FALSE	FALSE
vOTU07467	FALSE	FALSE	FALSE	FALSE	FALSE	FALSE
vOTU07471	FALSE	FALSE	FALSE	FALSE	FALSE	FALSE
vOTU07479	FALSE	FALSE	FALSE	FALSE	FALSE	FALSE
vOTU07481	FALSE	FALSE	FALSE	FALSE	FALSE	FALSE
vOTU07489	FALSE	FALSE	FALSE	FALSE	FALSE	FALSE
vOTU07496	FALSE	FALSE	FALSE	FALSE	FALSE	FALSE
vOTU07518	FALSE	FALSE	FALSE	FALSE	FALSE	FALSE
vOTU07536	FALSE	FALSE	FALSE	FALSE	FALSE	FALSE
vOTU07538	FALSE	TRUE	FALSE	FALSE	FALSE	FALSE
vOTU07544	FALSE	FALSE	FALSE	FALSE	FALSE	FALSE
vOTU07547	FALSE	FALSE	FALSE	FALSE	FALSE	FALSE
vOTU07549	TRUE	TRUE	FALSE	FALSE	FALSE	FALSE
vOTU07550	FALSE	FALSE	FALSE	FALSE	FALSE	FALSE
vOTU07560	TRUE	FALSE	FALSE	FALSE	FALSE	FALSE
vOTU07569	FALSE	FALSE	FALSE	FALSE	FALSE	FALSE
vOTU07583	TRUE	TRUE	FALSE	FALSE	FALSE	TRUE
vOTU07608	FALSE	FALSE	FALSE	FALSE	FALSE	FALSE
vOTU07615	FALSE	FALSE	FALSE	FALSE	FALSE	FALSE
vOTU07624	FALSE	TRUE	TRUE	TRUE	FALSE	TRUE
vOTU07660	FALSE	FALSE	FALSE	FALSE	FALSE	FALSE
vOTU07661	TRUE	FALSE	FALSE	FALSE	FALSE	FALSE
vOTU07684	FALSE	FALSE	FALSE	FALSE	FALSE	FALSE
vOTU07711	FALSE	FALSE	FALSE	FALSE	FALSE	FALSE
vOTU07729	FALSE	FALSE	FALSE	FALSE	FALSE	FALSE
vOTU07751	FALSE	FALSE	FALSE	FALSE	FALSE	FALSE
vOTU07774	FALSE	FALSE	FALSE	FALSE	FALSE	FALSE
vOTU07782	FALSE	FALSE	FALSE	FALSE	FALSE	FALSE
vOTU07807	FALSE	FALSE	FALSE	FALSE	FALSE	FALSE
vOTU07824	FALSE	TRUE	FALSE	FALSE	FALSE	FALSE
vOTU07827	FALSE	FALSE	FALSE	FALSE	FALSE	FALSE
vOTU07838	FALSE	FALSE	FALSE	FALSE	FALSE	FALSE
vOTU07856	FALSE	FALSE	FALSE	FALSE	FALSE	FALSE
vOTU07901	TRUE	FALSE	FALSE	FALSE	FALSE	FALSE
vOTU07907	FALSE	FALSE	FALSE	FALSE	FALSE	FALSE
vOTU07908	TRUE	FALSE	FALSE	FALSE	FALSE	FALSE
vOTU07911	FALSE	FALSE	FALSE	FALSE	FALSE	FALSE
vOTU07930	FALSE	TRUE	FALSE	FALSE	FALSE	FALSE
vOTU07958	FALSE	TRUE	FALSE	FALSE	FALSE	FALSE
vOTU07961	FALSE	TRUE	FALSE	FALSE	FALSE	FALSE
vOTU07964	FALSE	FALSE	FALSE	FALSE	FALSE	FALSE
vOTU07967	FALSE	FALSE	FALSE	FALSE	FALSE	FALSE
vOTU08003	FALSE	FALSE	FALSE	FALSE	FALSE	FALSE
vOTU08004	FALSE	FALSE	FALSE	FALSE	FALSE	FALSE
vOTU08015	FALSE	FALSE	FALSE	FALSE	FALSE	FALSE
vOTU08023	TRUE	FALSE	FALSE	FALSE	TRUE	FALSE
vOTU08025	FALSE	FALSE	FALSE	FALSE	FALSE	FALSE
vOTU08029	FALSE	FALSE	FALSE	FALSE	FALSE	FALSE
vOTU08036	FALSE	FALSE	FALSE	FALSE	FALSE	FALSE
vOTU08045	FALSE	FALSE	FALSE	FALSE	FALSE	FALSE
vOTU08051	TRUE	FALSE	FALSE	FALSE	FALSE	FALSE
vOTU08061	FALSE	FALSE	FALSE	FALSE	FALSE	FALSE
vOTU08067	FALSE	FALSE	FALSE	FALSE	FALSE	FALSE
vOTU08073	FALSE	FALSE	FALSE	FALSE	FALSE	FALSE
vOTU08131	FALSE	FALSE	FALSE	FALSE	FALSE	FALSE
vOTU08160	FALSE	FALSE	FALSE	FALSE	FALSE	FALSE
vOTU08184	FALSE	FALSE	FALSE	FALSE	FALSE	FALSE
vOTU08187	FALSE	FALSE	FALSE	FALSE	FALSE	FALSE
vOTU08193	FALSE	FALSE	FALSE	FALSE	FALSE	FALSE
vOTU08216	FALSE	FALSE	FALSE	FALSE	FALSE	FALSE
vOTU08227	FALSE	FALSE	FALSE	FALSE	FALSE	FALSE
vOTU08228	FALSE	FALSE	FALSE	FALSE	FALSE	FALSE
vOTU08244	FALSE	FALSE	FALSE	FALSE	FALSE	FALSE
vOTU08254	FALSE	FALSE	FALSE	FALSE	FALSE	FALSE
vOTU08259	FALSE	FALSE	FALSE	FALSE	FALSE	FALSE
vOTU08260	TRUE	FALSE	FALSE	FALSE	FALSE	FALSE
vOTU08262	FALSE	FALSE	FALSE	FALSE	FALSE	FALSE
vOTU08287	TRUE	FALSE	FALSE	FALSE	FALSE	FALSE
vOTU08297	FALSE	TRUE	FALSE	FALSE	FALSE	FALSE
vOTU08305	FALSE	FALSE	FALSE	FALSE	FALSE	FALSE
vOTU08314	TRUE	FALSE	FALSE	FALSE	FALSE	TRUE
vOTU08333	FALSE	FALSE	FALSE	FALSE	FALSE	FALSE
vOTU08336	FALSE	FALSE	FALSE	FALSE	FALSE	FALSE
vOTU08377	FALSE	FALSE	FALSE	FALSE	FALSE	FALSE
vOTU08380	FALSE	FALSE	FALSE	FALSE	FALSE	FALSE
vOTU08391	FALSE	FALSE	FALSE	FALSE	FALSE	FALSE
vOTU08404	FALSE	FALSE	FALSE	FALSE	FALSE	FALSE
vOTU08407	FALSE	FALSE	FALSE	FALSE	FALSE	FALSE
vOTU08410	TRUE	FALSE	FALSE	FALSE	FALSE	FALSE
vOTU08412	FALSE	TRUE	TRUE	FALSE	FALSE	FALSE
vOTU08417	FALSE	FALSE	FALSE	FALSE	FALSE	FALSE
vOTU08441	FALSE	FALSE	FALSE	FALSE	FALSE	FALSE
vOTU08459	FALSE	FALSE	FALSE	FALSE	FALSE	FALSE
vOTU08468	TRUE	FALSE	FALSE	FALSE	FALSE	FALSE
vOTU08537	FALSE	FALSE	FALSE	FALSE	FALSE	FALSE
vOTU08554	FALSE	FALSE	FALSE	FALSE	FALSE	FALSE
vOTU08567	FALSE	FALSE	FALSE	FALSE	FALSE	FALSE
vOTU08568	FALSE	FALSE	FALSE	FALSE	FALSE	FALSE
vOTU08569	FALSE	FALSE	FALSE	FALSE	FALSE	FALSE
vOTU08610	FALSE	FALSE	FALSE	FALSE	FALSE	FALSE
vOTU08612	FALSE	FALSE	FALSE	FALSE	FALSE	FALSE
vOTU08615	FALSE	FALSE	FALSE	FALSE	FALSE	FALSE
vOTU08650	FALSE	FALSE	FALSE	FALSE	FALSE	FALSE
vOTU08713	FALSE	TRUE	FALSE	FALSE	FALSE	FALSE
vOTU08730	FALSE	FALSE	FALSE	FALSE	FALSE	FALSE
vOTU08741	FALSE	FALSE	FALSE	FALSE	FALSE	FALSE
vOTU08748	FALSE	FALSE	FALSE	FALSE	FALSE	FALSE
vOTU08749	FALSE	FALSE	FALSE	FALSE	FALSE	FALSE
vOTU08768	FALSE	FALSE	FALSE	FALSE	FALSE	FALSE
vOTU08771	FALSE	FALSE	TRUE	FALSE	FALSE	FALSE
vOTU08772	FALSE	FALSE	FALSE	FALSE	FALSE	TRUE
vOTU08795	FALSE	FALSE	FALSE	FALSE	FALSE	FALSE
vOTU08845	FALSE	FALSE	FALSE	FALSE	FALSE	FALSE
vOTU08891	FALSE	FALSE	FALSE	FALSE	FALSE	FALSE
vOTU08908	FALSE	FALSE	FALSE	FALSE	FALSE	FALSE
vOTU08909	TRUE	FALSE	FALSE	FALSE	FALSE	FALSE
vOTU08913	TRUE	FALSE	TRUE	TRUE	TRUE	FALSE
vOTU08916	FALSE	FALSE	FALSE	FALSE	FALSE	FALSE
vOTU08919	FALSE	FALSE	FALSE	FALSE	FALSE	FALSE
vOTU08938	FALSE	FALSE	FALSE	FALSE	FALSE	FALSE
vOTU08945	FALSE	FALSE	FALSE	FALSE	FALSE	FALSE
vOTU08948	FALSE	FALSE	FALSE	FALSE	FALSE	FALSE
vOTU08997	FALSE	FALSE	FALSE	FALSE	FALSE	FALSE
vOTU09036	TRUE	FALSE	FALSE	FALSE	FALSE	TRUE
vOTU09045	TRUE	FALSE	FALSE	FALSE	FALSE	FALSE
vOTU09055	FALSE	FALSE	FALSE	FALSE	FALSE	FALSE
vOTU09117	FALSE	FALSE	FALSE	FALSE	FALSE	FALSE
vOTU09120	FALSE	FALSE	FALSE	FALSE	FALSE	FALSE
vOTU09136	FALSE	FALSE	FALSE	FALSE	FALSE	FALSE
vOTU09138	FALSE	FALSE	FALSE	FALSE	FALSE	FALSE
vOTU09172	FALSE	FALSE	FALSE	FALSE	FALSE	FALSE
vOTU09195	FALSE	FALSE	FALSE	FALSE	FALSE	FALSE
vOTU09206	TRUE	FALSE	FALSE	FALSE	FALSE	TRUE
vOTU09232	FALSE	FALSE	FALSE	FALSE	FALSE	FALSE
vOTU09243	FALSE	FALSE	FALSE	FALSE	FALSE	FALSE
vOTU09259	FALSE	FALSE	FALSE	FALSE	FALSE	FALSE
vOTU09263	FALSE	FALSE	FALSE	FALSE	FALSE	FALSE
vOTU09326	TRUE	FALSE	FALSE	FALSE	FALSE	FALSE
vOTU09336	TRUE	FALSE	FALSE	FALSE	FALSE	FALSE
vOTU09360	FALSE	FALSE	FALSE	FALSE	FALSE	FALSE
vOTU09395	TRUE	TRUE	TRUE	FALSE	FALSE	TRUE
vOTU09430	FALSE	FALSE	FALSE	FALSE	FALSE	FALSE
vOTU09493	TRUE	FALSE	FALSE	FALSE	FALSE	FALSE
vOTU09503	TRUE	FALSE	FALSE	FALSE	FALSE	TRUE
vOTU09543	FALSE	TRUE	FALSE	FALSE	FALSE	FALSE
vOTU09569	FALSE	FALSE	FALSE	FALSE	FALSE	FALSE
vOTU09574	TRUE	FALSE	FALSE	FALSE	FALSE	FALSE
vOTU09591	FALSE	FALSE	FALSE	FALSE	FALSE	FALSE
vOTU09623	FALSE	FALSE	FALSE	FALSE	FALSE	FALSE
vOTU09694	TRUE	FALSE	FALSE	FALSE	FALSE	FALSE
vOTU09700	FALSE	FALSE	FALSE	FALSE	FALSE	FALSE
vOTU09726	FALSE	FALSE	FALSE	FALSE	FALSE	TRUE
vOTU09769	TRUE	FALSE	FALSE	FALSE	FALSE	FALSE
vOTU09801	FALSE	FALSE	FALSE	FALSE	FALSE	FALSE
vOTU09834	FALSE	FALSE	FALSE	FALSE	FALSE	FALSE
vOTU09838	TRUE	FALSE	FALSE	FALSE	FALSE	FALSE
vOTU09840	TRUE	FALSE	FALSE	FALSE	FALSE	FALSE
vOTU09875	FALSE	FALSE	FALSE	FALSE	FALSE	FALSE
vOTU09887	FALSE	FALSE	FALSE	FALSE	FALSE	FALSE
vOTU09901	FALSE	FALSE	TRUE	FALSE	FALSE	FALSE
vOTU09907	TRUE	FALSE	FALSE	FALSE	FALSE	FALSE
vOTU09914	TRUE	TRUE	FALSE	FALSE	FALSE	TRUE
vOTU09920	FALSE	TRUE	FALSE	FALSE	FALSE	FALSE
vOTU09977	TRUE	FALSE	FALSE	FALSE	FALSE	FALSE
vOTU09981	FALSE	FALSE	FALSE	FALSE	FALSE	FALSE
vOTU09997	FALSE	FALSE	FALSE	FALSE	FALSE	FALSE
vOTU10022	FALSE	FALSE	FALSE	FALSE	FALSE	FALSE
vOTU10031	FALSE	FALSE	FALSE	FALSE	FALSE	FALSE
vOTU10057	FALSE	FALSE	FALSE	FALSE	FALSE	FALSE
vOTU10078	FALSE	FALSE	FALSE	FALSE	FALSE	FALSE
vOTU10095	FALSE	FALSE	FALSE	FALSE	FALSE	FALSE
vOTU10170	FALSE	FALSE	FALSE	FALSE	FALSE	FALSE
vOTU10173	FALSE	TRUE	FALSE	FALSE	FALSE	FALSE
vOTU10197	FALSE	FALSE	FALSE	FALSE	FALSE	FALSE
vOTU10221	FALSE	FALSE	FALSE	FALSE	FALSE	FALSE
vOTU10223	FALSE	FALSE	FALSE	FALSE	FALSE	FALSE
vOTU10262	FALSE	FALSE	FALSE	FALSE	FALSE	FALSE
vOTU10265	FALSE	FALSE	FALSE	FALSE	FALSE	FALSE
vOTU10297	FALSE	FALSE	FALSE	FALSE	FALSE	FALSE
vOTU10316	FALSE	FALSE	FALSE	FALSE	FALSE	FALSE
vOTU10414	FALSE	FALSE	FALSE	FALSE	FALSE	FALSE
vOTU10448	FALSE	FALSE	FALSE	FALSE	FALSE	FALSE
vOTU10475	FALSE	FALSE	FALSE	FALSE	FALSE	FALSE
vOTU10508	TRUE	FALSE	FALSE	FALSE	FALSE	FALSE
vOTU10525	FALSE	FALSE	FALSE	FALSE	FALSE	FALSE
vOTU10526	FALSE	FALSE	FALSE	FALSE	FALSE	FALSE
vOTU10535	FALSE	FALSE	FALSE	FALSE	FALSE	FALSE
vOTU10541	FALSE	FALSE	FALSE	FALSE	FALSE	FALSE
vOTU10591	FALSE	FALSE	FALSE	FALSE	FALSE	FALSE
vOTU10594	FALSE	FALSE	FALSE	FALSE	FALSE	FALSE
vOTU10601	FALSE	FALSE	FALSE	FALSE	FALSE	FALSE
vOTU10616	FALSE	FALSE	FALSE	FALSE	FALSE	FALSE
vOTU10627	FALSE	FALSE	FALSE	FALSE	FALSE	FALSE
vOTU10637	FALSE	TRUE	TRUE	FALSE	FALSE	FALSE
vOTU10664	FALSE	FALSE	FALSE	FALSE	FALSE	FALSE
vOTU10678	FALSE	TRUE	FALSE	FALSE	FALSE	FALSE
vOTU10688	TRUE	FALSE	FALSE	FALSE	FALSE	FALSE
vOTU10713	FALSE	FALSE	FALSE	FALSE	FALSE	FALSE
vOTU10718	FALSE	FALSE	FALSE	FALSE	FALSE	FALSE
vOTU10744	FALSE	TRUE	FALSE	FALSE	FALSE	FALSE
vOTU10747	FALSE	FALSE	FALSE	FALSE	FALSE	FALSE
vOTU10770	TRUE	TRUE	FALSE	TRUE	FALSE	FALSE
vOTU10772	FALSE	FALSE	FALSE	FALSE	FALSE	FALSE
vOTU10781	FALSE	FALSE	FALSE	FALSE	FALSE	FALSE
vOTU10793	TRUE	FALSE	FALSE	FALSE	FALSE	FALSE
vOTU10832	TRUE	FALSE	FALSE	FALSE	FALSE	FALSE
vOTU10834	FALSE	FALSE	FALSE	FALSE	FALSE	FALSE
vOTU10840	FALSE	FALSE	FALSE	FALSE	FALSE	FALSE
vOTU10861	TRUE	FALSE	FALSE	FALSE	FALSE	FALSE
vOTU10885	TRUE	TRUE	FALSE	FALSE	FALSE	TRUE
vOTU10886	FALSE	FALSE	FALSE	FALSE	FALSE	FALSE
vOTU10904	TRUE	FALSE	FALSE	FALSE	FALSE	FALSE
vOTU10907	FALSE	TRUE	FALSE	FALSE	FALSE	TRUE
vOTU10918	FALSE	FALSE	FALSE	FALSE	FALSE	FALSE
vOTU10950	FALSE	FALSE	FALSE	FALSE	FALSE	FALSE
vOTU10971	FALSE	FALSE	FALSE	FALSE	FALSE	FALSE
vOTU10994	TRUE	FALSE	FALSE	FALSE	FALSE	TRUE
vOTU10999	FALSE	TRUE	FALSE	FALSE	FALSE	FALSE
vOTU11017	FALSE	FALSE	FALSE	FALSE	FALSE	TRUE
vOTU11063	FALSE	FALSE	FALSE	FALSE	FALSE	FALSE
vOTU11101	FALSE	FALSE	FALSE	FALSE	FALSE	FALSE
vOTU11150	FALSE	FALSE	FALSE	FALSE	FALSE	FALSE
vOTU11155	FALSE	FALSE	FALSE	FALSE	FALSE	FALSE
vOTU11162	TRUE	FALSE	FALSE	FALSE	FALSE	FALSE
vOTU11178	TRUE	FALSE	FALSE	FALSE	FALSE	FALSE
vOTU11186	FALSE	FALSE	FALSE	FALSE	FALSE	FALSE
vOTU11258	FALSE	TRUE	FALSE	FALSE	FALSE	FALSE
vOTU11261	FALSE	FALSE	FALSE	FALSE	FALSE	FALSE
vOTU11271	FALSE	FALSE	FALSE	FALSE	FALSE	FALSE
vOTU11282	TRUE	FALSE	FALSE	FALSE	FALSE	FALSE
vOTU11305	FALSE	FALSE	FALSE	FALSE	FALSE	FALSE
vOTU11327	FALSE	FALSE	TRUE	FALSE	FALSE	TRUE
vOTU11356	TRUE	FALSE	FALSE	FALSE	FALSE	FALSE
vOTU11359	FALSE	FALSE	FALSE	FALSE	FALSE	FALSE
vOTU11362	FALSE	FALSE	FALSE	FALSE	FALSE	FALSE
vOTU11375	TRUE	TRUE	FALSE	FALSE	FALSE	FALSE
vOTU11402	FALSE	FALSE	FALSE	FALSE	FALSE	FALSE
vOTU11411	FALSE	FALSE	FALSE	FALSE	FALSE	FALSE
vOTU11439	FALSE	FALSE	FALSE	FALSE	FALSE	FALSE
vOTU11478	FALSE	FALSE	FALSE	FALSE	FALSE	FALSE
vOTU11521	FALSE	FALSE	FALSE	FALSE	FALSE	FALSE
vOTU11562	FALSE	FALSE	TRUE	FALSE	FALSE	FALSE
vOTU11566	FALSE	FALSE	FALSE	FALSE	FALSE	FALSE
vOTU11571	FALSE	FALSE	FALSE	FALSE	FALSE	FALSE
vOTU11583	TRUE	FALSE	FALSE	FALSE	FALSE	FALSE
vOTU11597	FALSE	FALSE	FALSE	FALSE	FALSE	FALSE
vOTU11602	FALSE	FALSE	FALSE	FALSE	FALSE	FALSE
vOTU11634	TRUE	FALSE	TRUE	FALSE	TRUE	TRUE
vOTU11651	FALSE	FALSE	FALSE	FALSE	FALSE	FALSE
vOTU11660	FALSE	FALSE	FALSE	FALSE	FALSE	FALSE
vOTU11670	FALSE	FALSE	FALSE	FALSE	FALSE	FALSE
vOTU11678	FALSE	FALSE	FALSE	FALSE	FALSE	FALSE
vOTU11688	TRUE	FALSE	FALSE	FALSE	FALSE	FALSE
vOTU11749	FALSE	FALSE	FALSE	FALSE	FALSE	FALSE
vOTU11760	FALSE	FALSE	FALSE	FALSE	FALSE	FALSE
vOTU11764	FALSE	FALSE	FALSE	FALSE	FALSE	FALSE
vOTU11811	TRUE	FALSE	FALSE	FALSE	FALSE	FALSE
vOTU11845	FALSE	FALSE	FALSE	FALSE	FALSE	FALSE
vOTU11852	FALSE	FALSE	FALSE	FALSE	FALSE	FALSE
vOTU11855	TRUE	TRUE	TRUE	FALSE	TRUE	TRUE
vOTU11858	TRUE	FALSE	TRUE	FALSE	FALSE	FALSE
vOTU11874	FALSE	FALSE	FALSE	FALSE	FALSE	FALSE
vOTU11890	FALSE	TRUE	FALSE	FALSE	FALSE	FALSE
vOTU11891	FALSE	FALSE	FALSE	FALSE	FALSE	FALSE
vOTU11943	FALSE	TRUE	FALSE	FALSE	FALSE	FALSE
vOTU12012	FALSE	FALSE	FALSE	FALSE	FALSE	FALSE
vOTU12018	FALSE	FALSE	FALSE	FALSE	FALSE	FALSE
vOTU12033	FALSE	FALSE	TRUE	FALSE	FALSE	FALSE
vOTU12035	FALSE	FALSE	FALSE	FALSE	FALSE	FALSE
vOTU12041	FALSE	FALSE	FALSE	FALSE	FALSE	FALSE
vOTU12054	TRUE	FALSE	FALSE	FALSE	FALSE	FALSE
vOTU12071	TRUE	FALSE	FALSE	FALSE	FALSE	FALSE
vOTU12089	FALSE	FALSE	FALSE	FALSE	FALSE	FALSE
vOTU12148	FALSE	FALSE	FALSE	FALSE	FALSE	FALSE
vOTU12155	FALSE	FALSE	FALSE	FALSE	FALSE	FALSE
vOTU12176	FALSE	FALSE	FALSE	FALSE	FALSE	FALSE
vOTU12232	FALSE	FALSE	FALSE	FALSE	FALSE	FALSE
vOTU12237	FALSE	FALSE	FALSE	FALSE	FALSE	FALSE
vOTU12240	FALSE	FALSE	FALSE	FALSE	FALSE	FALSE
vOTU12246	FALSE	FALSE	FALSE	FALSE	FALSE	FALSE
vOTU12251	FALSE	FALSE	FALSE	FALSE	FALSE	FALSE
vOTU12252	FALSE	FALSE	FALSE	FALSE	FALSE	FALSE
vOTU12282	FALSE	FALSE	FALSE	FALSE	FALSE	FALSE
vOTU12325	FALSE	FALSE	FALSE	FALSE	FALSE	FALSE
vOTU12334	FALSE	TRUE	FALSE	FALSE	FALSE	FALSE
vOTU12343	FALSE	TRUE	FALSE	FALSE	FALSE	FALSE
vOTU12396	FALSE	FALSE	FALSE	FALSE	FALSE	FALSE
vOTU12410	FALSE	FALSE	FALSE	FALSE	FALSE	FALSE
vOTU12450	FALSE	FALSE	FALSE	FALSE	FALSE	FALSE
vOTU12456	FALSE	FALSE	FALSE	FALSE	FALSE	FALSE
vOTU12466	TRUE	FALSE	FALSE	FALSE	FALSE	FALSE
vOTU12481	FALSE	FALSE	FALSE	FALSE	FALSE	FALSE
vOTU12504	FALSE	FALSE	FALSE	FALSE	FALSE	FALSE
vOTU12538	FALSE	FALSE	FALSE	FALSE	FALSE	FALSE
vOTU12542	TRUE	TRUE	FALSE	FALSE	FALSE	FALSE
vOTU12577	FALSE	FALSE	FALSE	FALSE	FALSE	FALSE
vOTU12589	FALSE	FALSE	FALSE	FALSE	FALSE	FALSE
vOTU12609	FALSE	FALSE	FALSE	FALSE	FALSE	FALSE
vOTU12628	FALSE	FALSE	FALSE	FALSE	FALSE	FALSE
vOTU12720	FALSE	FALSE	FALSE	FALSE	FALSE	FALSE
vOTU12730	FALSE	FALSE	FALSE	FALSE	FALSE	FALSE
vOTU12737	FALSE	TRUE	FALSE	FALSE	FALSE	FALSE
vOTU12751	FALSE	FALSE	FALSE	FALSE	FALSE	FALSE
vOTU12763	FALSE	FALSE	FALSE	FALSE	FALSE	FALSE
vOTU12766	TRUE	FALSE	FALSE	FALSE	FALSE	FALSE
vOTU12806	FALSE	FALSE	FALSE	FALSE	FALSE	FALSE
vOTU12809	TRUE	FALSE	FALSE	FALSE	FALSE	FALSE
vOTU12815	TRUE	FALSE	FALSE	FALSE	FALSE	FALSE
vOTU12819	FALSE	FALSE	FALSE	FALSE	FALSE	FALSE
vOTU12833	TRUE	TRUE	TRUE	FALSE	TRUE	TRUE
vOTU12843	FALSE	FALSE	FALSE	FALSE	FALSE	FALSE
vOTU12880	FALSE	FALSE	FALSE	FALSE	FALSE	FALSE
vOTU12918	FALSE	FALSE	FALSE	FALSE	FALSE	FALSE
vOTU12957	FALSE	FALSE	FALSE	FALSE	FALSE	FALSE
vOTU12979	FALSE	FALSE	FALSE	FALSE	FALSE	FALSE
vOTU13011	FALSE	FALSE	FALSE	FALSE	FALSE	FALSE
vOTU13056	TRUE	FALSE	FALSE	FALSE	FALSE	FALSE
vOTU13097	FALSE	FALSE	FALSE	FALSE	FALSE	FALSE
vOTU13100	FALSE	FALSE	FALSE	FALSE	FALSE	FALSE
vOTU13131	FALSE	FALSE	FALSE	FALSE	FALSE	FALSE
vOTU13147	FALSE	FALSE	FALSE	FALSE	FALSE	FALSE
vOTU13168	TRUE	TRUE	TRUE	TRUE	FALSE	TRUE
vOTU13170	TRUE	FALSE	FALSE	FALSE	FALSE	FALSE
vOTU13195	TRUE	FALSE	FALSE	FALSE	FALSE	FALSE
vOTU13209	FALSE	FALSE	FALSE	FALSE	FALSE	FALSE
vOTU13211	TRUE	TRUE	FALSE	TRUE	FALSE	FALSE
vOTU13231	FALSE	FALSE	FALSE	FALSE	FALSE	FALSE
vOTU13236	FALSE	FALSE	FALSE	FALSE	FALSE	FALSE
vOTU13264	FALSE	FALSE	FALSE	FALSE	FALSE	FALSE
vOTU13270	FALSE	FALSE	FALSE	FALSE	FALSE	FALSE
vOTU13307	FALSE	FALSE	FALSE	FALSE	FALSE	FALSE
vOTU13309	FALSE	FALSE	FALSE	FALSE	FALSE	FALSE
vOTU13336	FALSE	FALSE	FALSE	FALSE	FALSE	FALSE
vOTU13357	FALSE	FALSE	FALSE	FALSE	FALSE	FALSE
vOTU13429	TRUE	FALSE	FALSE	FALSE	FALSE	FALSE
vOTU13434	FALSE	FALSE	FALSE	FALSE	FALSE	FALSE
vOTU13456	FALSE	FALSE	FALSE	FALSE	FALSE	FALSE
vOTU13462	TRUE	TRUE	FALSE	FALSE	FALSE	FALSE
vOTU13466	FALSE	FALSE	FALSE	FALSE	FALSE	FALSE
vOTU13494	FALSE	FALSE	FALSE	FALSE	FALSE	FALSE
vOTU13507	FALSE	TRUE	FALSE	FALSE	FALSE	FALSE
vOTU13529	FALSE	FALSE	FALSE	FALSE	FALSE	FALSE
vOTU13550	FALSE	FALSE	FALSE	FALSE	FALSE	FALSE
vOTU13584	FALSE	FALSE	FALSE	FALSE	FALSE	FALSE
vOTU13591	FALSE	FALSE	FALSE	FALSE	FALSE	FALSE
vOTU13600	TRUE	FALSE	FALSE	FALSE	FALSE	FALSE
vOTU13608	FALSE	FALSE	FALSE	FALSE	FALSE	FALSE
vOTU13613	TRUE	FALSE	FALSE	FALSE	FALSE	FALSE
vOTU13617	FALSE	FALSE	FALSE	FALSE	FALSE	FALSE
vOTU13620	FALSE	FALSE	FALSE	FALSE	FALSE	FALSE
vOTU13650	TRUE	FALSE	FALSE	FALSE	FALSE	FALSE
vOTU13666	TRUE	FALSE	FALSE	FALSE	FALSE	FALSE
vOTU13668	FALSE	FALSE	FALSE	FALSE	FALSE	FALSE
vOTU13670	FALSE	FALSE	FALSE	FALSE	FALSE	FALSE
vOTU13671	FALSE	FALSE	FALSE	FALSE	FALSE	FALSE
vOTU13699	FALSE	FALSE	FALSE	FALSE	FALSE	FALSE
vOTU13705	FALSE	FALSE	FALSE	FALSE	FALSE	FALSE
vOTU13708	FALSE	FALSE	FALSE	FALSE	FALSE	FALSE
vOTU13710	TRUE	FALSE	FALSE	FALSE	FALSE	FALSE
vOTU13712	FALSE	FALSE	FALSE	FALSE	FALSE	FALSE
vOTU13720	FALSE	FALSE	FALSE	FALSE	FALSE	FALSE
vOTU13729	FALSE	FALSE	FALSE	FALSE	FALSE	FALSE
vOTU13754	TRUE	TRUE	FALSE	FALSE	FALSE	FALSE
vOTU13760	FALSE	FALSE	FALSE	FALSE	FALSE	FALSE
vOTU13775	TRUE	FALSE	FALSE	FALSE	FALSE	FALSE
vOTU13799	FALSE	FALSE	FALSE	FALSE	FALSE	FALSE
vOTU13829	FALSE	FALSE	FALSE	FALSE	FALSE	TRUE
vOTU13853	FALSE	FALSE	FALSE	FALSE	FALSE	FALSE
vOTU13868	FALSE	TRUE	FALSE	FALSE	FALSE	FALSE
vOTU13904	FALSE	TRUE	FALSE	FALSE	FALSE	FALSE
vOTU13908	FALSE	FALSE	FALSE	FALSE	FALSE	FALSE
vOTU13917	FALSE	TRUE	FALSE	FALSE	FALSE	FALSE
vOTU13928	FALSE	FALSE	FALSE	FALSE	FALSE	FALSE
vOTU13941	FALSE	FALSE	FALSE	FALSE	FALSE	FALSE
vOTU13944	FALSE	FALSE	FALSE	FALSE	FALSE	FALSE
vOTU14004	TRUE	FALSE	FALSE	FALSE	FALSE	FALSE
vOTU14008	TRUE	FALSE	FALSE	FALSE	FALSE	FALSE
vOTU14013	TRUE	FALSE	FALSE	FALSE	FALSE	FALSE
vOTU14017	FALSE	FALSE	FALSE	FALSE	FALSE	FALSE
vOTU14021	FALSE	FALSE	FALSE	FALSE	FALSE	FALSE
vOTU14038	FALSE	FALSE	FALSE	FALSE	FALSE	FALSE
vOTU14044	FALSE	FALSE	FALSE	FALSE	FALSE	FALSE
vOTU14050	FALSE	FALSE	FALSE	FALSE	FALSE	FALSE
vOTU14056	FALSE	FALSE	FALSE	FALSE	FALSE	FALSE
vOTU14065	TRUE	FALSE	FALSE	FALSE	FALSE	FALSE
vOTU14104	FALSE	FALSE	FALSE	FALSE	FALSE	FALSE
vOTU14132	FALSE	FALSE	FALSE	FALSE	FALSE	FALSE
vOTU14163	TRUE	TRUE	TRUE	FALSE	FALSE	TRUE
vOTU14164	FALSE	FALSE	FALSE	FALSE	FALSE	FALSE
vOTU14174	FALSE	FALSE	FALSE	FALSE	FALSE	FALSE
vOTU14179	TRUE	FALSE	FALSE	FALSE	FALSE	FALSE
vOTU14180	FALSE	FALSE	FALSE	FALSE	FALSE	FALSE
vOTU14187	FALSE	FALSE	FALSE	FALSE	FALSE	FALSE
vOTU14216	FALSE	FALSE	FALSE	FALSE	FALSE	FALSE
vOTU14228	FALSE	FALSE	FALSE	FALSE	FALSE	FALSE
vOTU14243	FALSE	FALSE	FALSE	FALSE	FALSE	FALSE
vOTU14262	FALSE	FALSE	FALSE	FALSE	FALSE	FALSE
vOTU14282	FALSE	FALSE	FALSE	FALSE	FALSE	FALSE
vOTU14298	FALSE	FALSE	FALSE	FALSE	FALSE	FALSE
vOTU14326	FALSE	FALSE	FALSE	FALSE	FALSE	FALSE
vOTU14393	FALSE	FALSE	FALSE	FALSE	FALSE	FALSE
vOTU14406	FALSE	FALSE	FALSE	FALSE	FALSE	FALSE
vOTU14409	FALSE	FALSE	FALSE	FALSE	FALSE	FALSE
vOTU14469	FALSE	FALSE	FALSE	FALSE	FALSE	FALSE
vOTU14480	FALSE	FALSE	FALSE	FALSE	FALSE	FALSE
vOTU14518	TRUE	FALSE	FALSE	FALSE	FALSE	FALSE
vOTU14528	TRUE	FALSE	FALSE	FALSE	FALSE	FALSE
vOTU14543	FALSE	FALSE	FALSE	FALSE	FALSE	FALSE
vOTU14549	FALSE	FALSE	FALSE	TRUE	FALSE	FALSE
vOTU14554	FALSE	TRUE	FALSE	FALSE	FALSE	FALSE
vOTU14557	FALSE	TRUE	FALSE	FALSE	FALSE	FALSE
vOTU14574	FALSE	TRUE	FALSE	FALSE	FALSE	FALSE
vOTU14591	FALSE	FALSE	FALSE	FALSE	FALSE	FALSE
vOTU14617	FALSE	FALSE	FALSE	FALSE	FALSE	FALSE
vOTU14623	TRUE	FALSE	FALSE	FALSE	FALSE	FALSE
vOTU14625	FALSE	FALSE	FALSE	FALSE	FALSE	FALSE
vOTU14640	FALSE	FALSE	FALSE	FALSE	FALSE	FALSE
vOTU14650	FALSE	FALSE	FALSE	FALSE	FALSE	FALSE
vOTU14655	FALSE	FALSE	FALSE	FALSE	FALSE	FALSE
vOTU14663	FALSE	FALSE	FALSE	FALSE	FALSE	FALSE
vOTU14666	FALSE	FALSE	FALSE	FALSE	FALSE	FALSE
vOTU14671	FALSE	FALSE	FALSE	FALSE	FALSE	FALSE
vOTU14708	FALSE	FALSE	FALSE	FALSE	FALSE	FALSE
vOTU14720	FALSE	FALSE	FALSE	FALSE	FALSE	FALSE
vOTU14732	FALSE	FALSE	FALSE	FALSE	FALSE	FALSE
vOTU14742	FALSE	FALSE	FALSE	FALSE	FALSE	FALSE
vOTU14769	FALSE	FALSE	FALSE	FALSE	FALSE	FALSE
vOTU14796	TRUE	FALSE	FALSE	FALSE	FALSE	TRUE
vOTU14802	FALSE	FALSE	FALSE	FALSE	FALSE	FALSE
vOTU14834	FALSE	FALSE	FALSE	FALSE	FALSE	FALSE
vOTU14835	FALSE	FALSE	FALSE	FALSE	FALSE	FALSE
vOTU14865	FALSE	FALSE	FALSE	FALSE	FALSE	FALSE
vOTU14886	FALSE	FALSE	FALSE	FALSE	FALSE	FALSE
vOTU14887	FALSE	FALSE	FALSE	FALSE	FALSE	FALSE
vOTU14888	FALSE	FALSE	FALSE	FALSE	FALSE	FALSE
vOTU14911	FALSE	FALSE	FALSE	FALSE	FALSE	FALSE
vOTU14912	FALSE	FALSE	FALSE	FALSE	FALSE	FALSE
vOTU14934	FALSE	TRUE	FALSE	FALSE	FALSE	FALSE
vOTU14939	FALSE	FALSE	FALSE	FALSE	FALSE	FALSE
vOTU14961	TRUE	FALSE	FALSE	FALSE	FALSE	FALSE
vOTU14981	FALSE	FALSE	FALSE	FALSE	FALSE	FALSE
vOTU14985	FALSE	FALSE	FALSE	FALSE	FALSE	FALSE
vOTU14990	FALSE	FALSE	FALSE	FALSE	FALSE	FALSE
vOTU15030	FALSE	FALSE	FALSE	FALSE	FALSE	FALSE
vOTU15033	FALSE	FALSE	FALSE	FALSE	FALSE	FALSE
vOTU15035	FALSE	FALSE	FALSE	FALSE	FALSE	TRUE
vOTU15041	FALSE	FALSE	FALSE	FALSE	FALSE	FALSE
vOTU15053	FALSE	FALSE	FALSE	FALSE	FALSE	FALSE
vOTU15060	FALSE	FALSE	FALSE	FALSE	FALSE	FALSE
vOTU15091	FALSE	FALSE	FALSE	FALSE	FALSE	FALSE
vOTU15093	FALSE	FALSE	FALSE	FALSE	FALSE	FALSE
vOTU15094	FALSE	FALSE	FALSE	FALSE	FALSE	FALSE
vOTU15107	FALSE	FALSE	FALSE	FALSE	FALSE	FALSE
vOTU15132	FALSE	FALSE	FALSE	FALSE	FALSE	FALSE
vOTU15144	FALSE	FALSE	FALSE	FALSE	FALSE	FALSE
vOTU15180	FALSE	FALSE	FALSE	FALSE	FALSE	FALSE
vOTU15190	FALSE	FALSE	FALSE	FALSE	FALSE	FALSE
vOTU15196	FALSE	FALSE	FALSE	FALSE	FALSE	FALSE
vOTU15208	FALSE	FALSE	FALSE	FALSE	FALSE	FALSE
vOTU15213	FALSE	FALSE	FALSE	FALSE	FALSE	FALSE
vOTU15252	FALSE	FALSE	FALSE	FALSE	FALSE	FALSE
vOTU15283	TRUE	FALSE	FALSE	FALSE	FALSE	FALSE
vOTU15299	FALSE	FALSE	FALSE	FALSE	FALSE	FALSE
vOTU15310	FALSE	FALSE	FALSE	FALSE	FALSE	FALSE
vOTU15318	FALSE	FALSE	FALSE	FALSE	FALSE	FALSE
vOTU15322	TRUE	FALSE	FALSE	FALSE	FALSE	FALSE
vOTU15336	FALSE	TRUE	FALSE	FALSE	FALSE	FALSE
vOTU15348	TRUE	FALSE	FALSE	FALSE	FALSE	FALSE
vOTU15362	FALSE	FALSE	FALSE	FALSE	FALSE	FALSE
vOTU15378	FALSE	FALSE	FALSE	FALSE	FALSE	FALSE
vOTU15380	FALSE	FALSE	FALSE	FALSE	FALSE	FALSE
vOTU15381	FALSE	FALSE	FALSE	FALSE	FALSE	FALSE
vOTU15390	FALSE	FALSE	FALSE	FALSE	FALSE	FALSE
vOTU15419	FALSE	FALSE	FALSE	FALSE	FALSE	FALSE
vOTU15420	FALSE	FALSE	FALSE	FALSE	FALSE	FALSE
vOTU15431	FALSE	TRUE	FALSE	TRUE	FALSE	FALSE
vOTU15432	FALSE	FALSE	FALSE	FALSE	FALSE	FALSE
vOTU15443	FALSE	FALSE	FALSE	FALSE	FALSE	FALSE
vOTU15458	FALSE	FALSE	FALSE	FALSE	FALSE	FALSE
vOTU15475	FALSE	FALSE	FALSE	FALSE	FALSE	FALSE
vOTU15477	FALSE	FALSE	FALSE	FALSE	FALSE	FALSE
vOTU15521	TRUE	TRUE	FALSE	FALSE	FALSE	FALSE
vOTU15525	TRUE	FALSE	FALSE	FALSE	FALSE	FALSE
vOTU15587	FALSE	FALSE	FALSE	FALSE	FALSE	FALSE
vOTU15589	FALSE	TRUE	TRUE	FALSE	TRUE	FALSE
vOTU15596	FALSE	TRUE	FALSE	FALSE	FALSE	FALSE
vOTU15604	FALSE	FALSE	FALSE	FALSE	FALSE	FALSE
vOTU15627	FALSE	FALSE	FALSE	FALSE	FALSE	FALSE
vOTU15629	FALSE	FALSE	FALSE	FALSE	FALSE	FALSE
vOTU15630	FALSE	FALSE	FALSE	FALSE	FALSE	FALSE
vOTU15643	FALSE	FALSE	FALSE	FALSE	FALSE	FALSE
vOTU15651	FALSE	FALSE	FALSE	FALSE	FALSE	FALSE
vOTU15658	TRUE	FALSE	FALSE	FALSE	FALSE	FALSE
vOTU15659	FALSE	FALSE	FALSE	FALSE	FALSE	FALSE
vOTU15664	FALSE	FALSE	FALSE	FALSE	FALSE	FALSE
vOTU15667	FALSE	FALSE	FALSE	FALSE	FALSE	FALSE
vOTU15671	FALSE	FALSE	FALSE	FALSE	FALSE	FALSE
vOTU15679	FALSE	FALSE	FALSE	FALSE	FALSE	FALSE
vOTU15685	FALSE	FALSE	FALSE	FALSE	FALSE	FALSE
vOTU15698	TRUE	TRUE	TRUE	TRUE	FALSE	TRUE
vOTU15702	FALSE	TRUE	FALSE	FALSE	FALSE	FALSE
vOTU15712	FALSE	FALSE	FALSE	FALSE	FALSE	FALSE
vOTU15722	FALSE	FALSE	FALSE	FALSE	FALSE	FALSE
vOTU15736	TRUE	FALSE	FALSE	FALSE	FALSE	FALSE
vOTU15740	FALSE	FALSE	FALSE	FALSE	FALSE	FALSE
vOTU15767	FALSE	FALSE	FALSE	FALSE	FALSE	FALSE
vOTU15770	TRUE	FALSE	FALSE	FALSE	FALSE	FALSE
vOTU15772	FALSE	FALSE	FALSE	FALSE	FALSE	FALSE
vOTU15774	TRUE	FALSE	FALSE	FALSE	FALSE	FALSE
vOTU15784	FALSE	FALSE	FALSE	FALSE	FALSE	FALSE
vOTU15798	FALSE	TRUE	FALSE	FALSE	FALSE	FALSE
vOTU15811	FALSE	FALSE	FALSE	FALSE	FALSE	FALSE
vOTU15832	FALSE	FALSE	FALSE	FALSE	FALSE	FALSE
vOTU15847	FALSE	FALSE	FALSE	FALSE	FALSE	FALSE
vOTU15853	FALSE	FALSE	FALSE	FALSE	FALSE	FALSE
vOTU15884	FALSE	FALSE	FALSE	FALSE	FALSE	FALSE
vOTU15913	FALSE	FALSE	FALSE	FALSE	FALSE	FALSE
vOTU15924	FALSE	TRUE	FALSE	FALSE	FALSE	FALSE
vOTU15959	FALSE	FALSE	FALSE	FALSE	FALSE	FALSE
vOTU15961	FALSE	FALSE	FALSE	FALSE	FALSE	FALSE
vOTU15966	FALSE	FALSE	FALSE	FALSE	FALSE	FALSE
vOTU15971	FALSE	FALSE	FALSE	FALSE	FALSE	FALSE
vOTU15976	FALSE	TRUE	FALSE	FALSE	FALSE	FALSE
vOTU15982	FALSE	FALSE	FALSE	FALSE	FALSE	FALSE
vOTU15985	FALSE	FALSE	FALSE	FALSE	FALSE	FALSE
vOTU15986	FALSE	FALSE	FALSE	FALSE	FALSE	FALSE
vOTU15998	FALSE	FALSE	FALSE	FALSE	FALSE	FALSE
vOTU15999	FALSE	FALSE	FALSE	FALSE	FALSE	FALSE
vOTU16047	FALSE	FALSE	FALSE	FALSE	FALSE	FALSE
vOTU16067	TRUE	TRUE	TRUE	FALSE	TRUE	TRUE
vOTU16073	FALSE	FALSE	FALSE	FALSE	FALSE	FALSE
vOTU16120	FALSE	FALSE	FALSE	FALSE	FALSE	FALSE
vOTU16124	FALSE	FALSE	FALSE	FALSE	FALSE	FALSE
vOTU16125	FALSE	FALSE	FALSE	FALSE	FALSE	FALSE
vOTU16140	FALSE	FALSE	FALSE	FALSE	FALSE	FALSE
vOTU16172	FALSE	FALSE	FALSE	FALSE	FALSE	FALSE
vOTU16199	FALSE	FALSE	FALSE	FALSE	FALSE	FALSE
vOTU16224	FALSE	FALSE	FALSE	FALSE	FALSE	FALSE
vOTU16238	FALSE	FALSE	FALSE	FALSE	FALSE	FALSE
vOTU16241	FALSE	FALSE	FALSE	FALSE	FALSE	FALSE
vOTU16263	FALSE	FALSE	FALSE	FALSE	FALSE	FALSE
vOTU16273	FALSE	FALSE	FALSE	FALSE	FALSE	FALSE
vOTU16279	FALSE	FALSE	TRUE	FALSE	FALSE	FALSE
vOTU16284	FALSE	FALSE	FALSE	FALSE	FALSE	FALSE
vOTU16292	FALSE	FALSE	TRUE	FALSE	TRUE	TRUE
vOTU16306	FALSE	TRUE	FALSE	FALSE	FALSE	FALSE
vOTU16340	FALSE	FALSE	FALSE	FALSE	FALSE	FALSE
vOTU16346	FALSE	FALSE	FALSE	FALSE	FALSE	FALSE
vOTU16349	FALSE	FALSE	FALSE	FALSE	FALSE	FALSE
vOTU16360	FALSE	FALSE	FALSE	FALSE	FALSE	TRUE
vOTU16366	FALSE	FALSE	FALSE	FALSE	FALSE	FALSE
vOTU16371	FALSE	FALSE	FALSE	FALSE	FALSE	FALSE
vOTU16375	FALSE	FALSE	FALSE	FALSE	FALSE	FALSE
vOTU16385	FALSE	FALSE	FALSE	FALSE	FALSE	FALSE
vOTU16396	FALSE	FALSE	FALSE	FALSE	FALSE	FALSE
vOTU16426	FALSE	FALSE	FALSE	FALSE	FALSE	FALSE
vOTU16429	FALSE	FALSE	FALSE	FALSE	FALSE	FALSE
vOTU16433	FALSE	FALSE	FALSE	FALSE	FALSE	FALSE
vOTU16441	TRUE	FALSE	FALSE	FALSE	FALSE	FALSE
vOTU16448	FALSE	FALSE	FALSE	FALSE	FALSE	FALSE
vOTU16449	FALSE	FALSE	FALSE	FALSE	FALSE	FALSE
vOTU16456	FALSE	FALSE	FALSE	FALSE	FALSE	FALSE
vOTU16460	TRUE	FALSE	FALSE	FALSE	FALSE	FALSE
vOTU16464	FALSE	TRUE	FALSE	FALSE	FALSE	FALSE
vOTU16469	FALSE	FALSE	FALSE	FALSE	FALSE	FALSE
vOTU16494	FALSE	FALSE	FALSE	FALSE	FALSE	FALSE
vOTU16505	FALSE	TRUE	FALSE	FALSE	FALSE	FALSE
vOTU16515	FALSE	FALSE	FALSE	FALSE	FALSE	FALSE
vOTU16547	FALSE	FALSE	FALSE	FALSE	FALSE	FALSE
vOTU16560	FALSE	FALSE	FALSE	FALSE	FALSE	FALSE
vOTU16561	TRUE	FALSE	FALSE	FALSE	FALSE	FALSE
vOTU16572	FALSE	FALSE	FALSE	FALSE	FALSE	FALSE
vOTU16594	FALSE	TRUE	FALSE	FALSE	FALSE	FALSE
vOTU16603	FALSE	FALSE	FALSE	FALSE	FALSE	FALSE
vOTU16621	TRUE	FALSE	FALSE	FALSE	FALSE	FALSE
vOTU16623	FALSE	FALSE	FALSE	FALSE	FALSE	FALSE
vOTU16631	FALSE	FALSE	FALSE	FALSE	FALSE	FALSE
vOTU16645	FALSE	FALSE	FALSE	FALSE	FALSE	FALSE
vOTU16650	FALSE	FALSE	FALSE	FALSE	FALSE	FALSE
vOTU16667	FALSE	FALSE	FALSE	FALSE	FALSE	FALSE
vOTU16681	FALSE	FALSE	FALSE	FALSE	FALSE	FALSE
vOTU16682	FALSE	TRUE	FALSE	FALSE	FALSE	FALSE
vOTU16686	FALSE	FALSE	FALSE	FALSE	FALSE	FALSE
vOTU16704	FALSE	FALSE	FALSE	FALSE	FALSE	FALSE
vOTU16705	TRUE	FALSE	FALSE	FALSE	FALSE	FALSE
vOTU16716	FALSE	FALSE	FALSE	FALSE	FALSE	FALSE
vOTU16739	FALSE	TRUE	TRUE	FALSE	FALSE	FALSE
vOTU16743	FALSE	FALSE	FALSE	FALSE	FALSE	FALSE
vOTU16754	FALSE	FALSE	FALSE	FALSE	FALSE	FALSE
vOTU16761	FALSE	FALSE	FALSE	FALSE	FALSE	FALSE
vOTU16764	FALSE	FALSE	FALSE	FALSE	FALSE	TRUE
vOTU16774	FALSE	FALSE	FALSE	FALSE	FALSE	FALSE
vOTU16776	FALSE	FALSE	FALSE	FALSE	FALSE	FALSE
vOTU16794	TRUE	FALSE	FALSE	FALSE	FALSE	FALSE
vOTU16800	FALSE	FALSE	FALSE	FALSE	FALSE	FALSE
vOTU16803	FALSE	FALSE	FALSE	FALSE	FALSE	FALSE
vOTU16817	FALSE	FALSE	FALSE	FALSE	FALSE	FALSE
vOTU16834	FALSE	FALSE	FALSE	FALSE	FALSE	FALSE
vOTU16854	FALSE	FALSE	FALSE	FALSE	FALSE	FALSE
vOTU16862	FALSE	FALSE	FALSE	FALSE	FALSE	FALSE
vOTU16867	FALSE	FALSE	FALSE	FALSE	FALSE	FALSE
vOTU16885	TRUE	FALSE	FALSE	FALSE	FALSE	FALSE
vOTU16915	FALSE	FALSE	FALSE	FALSE	FALSE	FALSE
vOTU16922	FALSE	FALSE	FALSE	FALSE	FALSE	FALSE
vOTU16923	TRUE	FALSE	TRUE	TRUE	FALSE	FALSE
vOTU16929	TRUE	FALSE	FALSE	FALSE	FALSE	FALSE
vOTU16948	TRUE	TRUE	FALSE	FALSE	FALSE	FALSE
vOTU16978	TRUE	FALSE	FALSE	FALSE	FALSE	FALSE
vOTU16996	FALSE	FALSE	FALSE	FALSE	FALSE	FALSE
vOTU16997	FALSE	FALSE	FALSE	FALSE	FALSE	FALSE
vOTU17001	FALSE	FALSE	FALSE	FALSE	FALSE	FALSE
vOTU17007	FALSE	TRUE	FALSE	FALSE	FALSE	FALSE
vOTU17019	FALSE	FALSE	FALSE	FALSE	FALSE	FALSE
vOTU17028	FALSE	FALSE	FALSE	FALSE	FALSE	FALSE
vOTU17034	FALSE	FALSE	FALSE	FALSE	FALSE	FALSE
vOTU17043	FALSE	FALSE	FALSE	FALSE	FALSE	FALSE
vOTU17050	FALSE	FALSE	FALSE	FALSE	FALSE	FALSE
vOTU17072	FALSE	FALSE	FALSE	FALSE	FALSE	FALSE
vOTU17078	FALSE	FALSE	FALSE	FALSE	FALSE	FALSE
vOTU17086	TRUE	FALSE	FALSE	FALSE	FALSE	FALSE
vOTU17095	FALSE	FALSE	FALSE	FALSE	FALSE	FALSE
vOTU17100	FALSE	TRUE	FALSE	FALSE	FALSE	FALSE
vOTU17102	FALSE	FALSE	FALSE	FALSE	FALSE	FALSE
vOTU17109	FALSE	TRUE	FALSE	FALSE	FALSE	FALSE
vOTU17137	FALSE	FALSE	FALSE	FALSE	FALSE	FALSE
vOTU17144	FALSE	FALSE	FALSE	FALSE	FALSE	FALSE
vOTU17160	TRUE	FALSE	FALSE	FALSE	FALSE	FALSE
vOTU17162	FALSE	FALSE	FALSE	FALSE	FALSE	FALSE
vOTU17179	FALSE	TRUE	FALSE	FALSE	FALSE	FALSE
vOTU17185	FALSE	TRUE	FALSE	FALSE	FALSE	FALSE
vOTU17188	FALSE	FALSE	FALSE	FALSE	FALSE	FALSE
vOTU17191	TRUE	FALSE	FALSE	FALSE	FALSE	FALSE
vOTU17196	FALSE	TRUE	FALSE	FALSE	FALSE	FALSE
vOTU17197	FALSE	FALSE	FALSE	FALSE	FALSE	FALSE
vOTU17245	FALSE	TRUE	FALSE	FALSE	FALSE	FALSE
vOTU17278	FALSE	FALSE	FALSE	FALSE	FALSE	FALSE
vOTU17283	TRUE	FALSE	FALSE	FALSE	FALSE	FALSE
vOTU17289	TRUE	FALSE	FALSE	FALSE	FALSE	FALSE
vOTU17295	TRUE	FALSE	FALSE	FALSE	FALSE	FALSE
vOTU17299	FALSE	FALSE	FALSE	FALSE	FALSE	FALSE
vOTU17301	FALSE	FALSE	FALSE	FALSE	FALSE	FALSE
vOTU17302	FALSE	FALSE	FALSE	FALSE	FALSE	FALSE
vOTU17304	FALSE	FALSE	FALSE	FALSE	FALSE	FALSE
vOTU17310	FALSE	FALSE	FALSE	FALSE	FALSE	FALSE
vOTU17311	FALSE	FALSE	FALSE	FALSE	FALSE	FALSE
vOTU17318	TRUE	FALSE	FALSE	FALSE	FALSE	FALSE
vOTU17319	FALSE	TRUE	FALSE	FALSE	FALSE	FALSE
vOTU17357	FALSE	FALSE	FALSE	FALSE	FALSE	FALSE
vOTU17366	FALSE	FALSE	FALSE	FALSE	FALSE	FALSE
vOTU17374	FALSE	FALSE	FALSE	FALSE	FALSE	FALSE
vOTU17379	FALSE	TRUE	FALSE	FALSE	FALSE	FALSE
vOTU17381	FALSE	FALSE	FALSE	FALSE	FALSE	FALSE
vOTU17390	FALSE	FALSE	FALSE	FALSE	FALSE	FALSE
vOTU17397	FALSE	FALSE	FALSE	FALSE	FALSE	FALSE
vOTU17405	FALSE	FALSE	FALSE	FALSE	FALSE	FALSE
vOTU17406	FALSE	FALSE	FALSE	FALSE	FALSE	FALSE
vOTU17407	FALSE	FALSE	FALSE	FALSE	FALSE	FALSE
vOTU17423	FALSE	FALSE	FALSE	FALSE	FALSE	TRUE
vOTU17433	FALSE	FALSE	FALSE	FALSE	FALSE	FALSE
vOTU17441	FALSE	FALSE	FALSE	FALSE	FALSE	FALSE
vOTU17443	FALSE	FALSE	FALSE	FALSE	FALSE	FALSE
vOTU17445	FALSE	FALSE	FALSE	FALSE	FALSE	FALSE
vOTU17446	FALSE	FALSE	FALSE	FALSE	FALSE	FALSE
vOTU17495	FALSE	FALSE	FALSE	FALSE	FALSE	FALSE
vOTU17501	FALSE	FALSE	FALSE	FALSE	FALSE	FALSE
vOTU17510	FALSE	FALSE	FALSE	FALSE	FALSE	FALSE
vOTU17513	FALSE	FALSE	FALSE	FALSE	FALSE	FALSE
vOTU17520	FALSE	FALSE	FALSE	FALSE	FALSE	FALSE
vOTU17524	FALSE	FALSE	FALSE	FALSE	FALSE	FALSE
vOTU17530	FALSE	FALSE	FALSE	FALSE	FALSE	FALSE
vOTU17533	FALSE	FALSE	FALSE	FALSE	FALSE	FALSE
vOTU17544	FALSE	FALSE	FALSE	FALSE	FALSE	FALSE
vOTU17552	FALSE	FALSE	FALSE	FALSE	FALSE	FALSE
vOTU17557	FALSE	FALSE	FALSE	FALSE	FALSE	FALSE
vOTU17564	FALSE	TRUE	FALSE	FALSE	FALSE	FALSE
vOTU17569	FALSE	FALSE	FALSE	FALSE	FALSE	FALSE
vOTU17575	FALSE	FALSE	FALSE	FALSE	FALSE	FALSE
vOTU17578	TRUE	TRUE	TRUE	TRUE	FALSE	TRUE
vOTU17585	TRUE	FALSE	FALSE	FALSE	FALSE	FALSE
vOTU17590	TRUE	FALSE	FALSE	FALSE	FALSE	FALSE
vOTU17604	FALSE	FALSE	FALSE	FALSE	FALSE	FALSE
vOTU17607	FALSE	TRUE	FALSE	FALSE	FALSE	FALSE
vOTU17608	FALSE	TRUE	FALSE	FALSE	FALSE	FALSE
vOTU17611	FALSE	FALSE	FALSE	FALSE	FALSE	FALSE
vOTU17613	FALSE	FALSE	FALSE	FALSE	FALSE	FALSE
vOTU17638	FALSE	FALSE	FALSE	FALSE	FALSE	FALSE
vOTU17644	FALSE	FALSE	FALSE	FALSE	FALSE	FALSE
vOTU17647	FALSE	FALSE	FALSE	FALSE	FALSE	FALSE
vOTU17670	TRUE	FALSE	FALSE	FALSE	FALSE	FALSE
vOTU17682	FALSE	TRUE	FALSE	FALSE	FALSE	FALSE
vOTU17695	FALSE	FALSE	FALSE	FALSE	FALSE	FALSE
vOTU17732	FALSE	FALSE	TRUE	FALSE	FALSE	FALSE
vOTU17747	FALSE	FALSE	FALSE	FALSE	FALSE	FALSE
vOTU17764	FALSE	FALSE	FALSE	FALSE	FALSE	FALSE
vOTU17766	FALSE	FALSE	FALSE	FALSE	FALSE	TRUE
vOTU17792	TRUE	FALSE	FALSE	FALSE	FALSE	FALSE
vOTU17794	FALSE	FALSE	FALSE	FALSE	FALSE	FALSE
vOTU17815	FALSE	FALSE	FALSE	FALSE	FALSE	FALSE
vOTU17816	FALSE	FALSE	FALSE	FALSE	FALSE	FALSE
vOTU17820	FALSE	FALSE	FALSE	FALSE	FALSE	FALSE
vOTU17827	FALSE	FALSE	FALSE	FALSE	FALSE	FALSE
vOTU17844	FALSE	FALSE	FALSE	FALSE	FALSE	FALSE
vOTU17846	FALSE	FALSE	FALSE	FALSE	FALSE	FALSE
vOTU17847	FALSE	FALSE	FALSE	FALSE	FALSE	FALSE
vOTU17851	FALSE	FALSE	FALSE	FALSE	FALSE	FALSE
vOTU17852	FALSE	TRUE	FALSE	FALSE	FALSE	FALSE
vOTU17863	FALSE	FALSE	FALSE	FALSE	FALSE	FALSE
vOTU17870	FALSE	TRUE	FALSE	FALSE	FALSE	FALSE
vOTU17874	TRUE	FALSE	FALSE	FALSE	FALSE	FALSE
vOTU17887	FALSE	FALSE	FALSE	FALSE	FALSE	FALSE
vOTU17898	TRUE	FALSE	FALSE	FALSE	FALSE	FALSE
vOTU17901	FALSE	FALSE	FALSE	FALSE	FALSE	FALSE
vOTU17917	FALSE	FALSE	FALSE	FALSE	FALSE	FALSE
vOTU17925	TRUE	FALSE	FALSE	FALSE	FALSE	FALSE
vOTU17928	FALSE	FALSE	FALSE	FALSE	FALSE	FALSE
vOTU17936	FALSE	FALSE	FALSE	FALSE	FALSE	FALSE
vOTU17937	TRUE	FALSE	FALSE	FALSE	FALSE	FALSE
vOTU17943	FALSE	FALSE	FALSE	FALSE	FALSE	FALSE
vOTU17944	FALSE	TRUE	TRUE	FALSE	TRUE	TRUE
vOTU17947	FALSE	FALSE	FALSE	FALSE	FALSE	FALSE
vOTU17952	TRUE	FALSE	FALSE	FALSE	FALSE	FALSE
vOTU17955	FALSE	FALSE	FALSE	FALSE	FALSE	FALSE
vOTU17956	FALSE	FALSE	FALSE	FALSE	FALSE	FALSE
vOTU17962	FALSE	FALSE	FALSE	FALSE	FALSE	FALSE
vOTU17964	FALSE	FALSE	FALSE	FALSE	FALSE	FALSE
vOTU17968	FALSE	FALSE	FALSE	FALSE	FALSE	FALSE
vOTU17972	FALSE	FALSE	FALSE	FALSE	FALSE	FALSE
vOTU17980	FALSE	FALSE	FALSE	FALSE	FALSE	FALSE
vOTU17991	TRUE	FALSE	FALSE	FALSE	FALSE	FALSE
vOTU18002	FALSE	FALSE	FALSE	FALSE	FALSE	FALSE
vOTU18008	FALSE	FALSE	FALSE	FALSE	FALSE	FALSE
vOTU18025	FALSE	FALSE	FALSE	FALSE	FALSE	FALSE
vOTU18036	FALSE	FALSE	FALSE	FALSE	FALSE	FALSE
vOTU18037	FALSE	FALSE	FALSE	FALSE	FALSE	FALSE
vOTU18040	TRUE	TRUE	TRUE	FALSE	TRUE	FALSE
vOTU18045	FALSE	FALSE	FALSE	FALSE	FALSE	FALSE
vOTU18047	TRUE	TRUE	FALSE	FALSE	TRUE	FALSE
vOTU18049	FALSE	FALSE	FALSE	FALSE	FALSE	FALSE
vOTU18051	FALSE	FALSE	FALSE	FALSE	FALSE	FALSE
vOTU18052	FALSE	FALSE	FALSE	FALSE	FALSE	FALSE
vOTU18056	FALSE	FALSE	FALSE	FALSE	FALSE	FALSE
vOTU18061	TRUE	TRUE	TRUE	TRUE	FALSE	TRUE
vOTU18073	FALSE	FALSE	FALSE	FALSE	FALSE	FALSE
vOTU18081	FALSE	FALSE	FALSE	FALSE	FALSE	FALSE
vOTU18083	FALSE	FALSE	FALSE	FALSE	FALSE	FALSE
vOTU18089	FALSE	TRUE	FALSE	FALSE	FALSE	FALSE
vOTU18092	FALSE	FALSE	FALSE	FALSE	FALSE	FALSE
vOTU18112	FALSE	FALSE	FALSE	FALSE	FALSE	FALSE
vOTU18113	FALSE	FALSE	FALSE	FALSE	FALSE	FALSE
vOTU18116	FALSE	FALSE	FALSE	FALSE	FALSE	FALSE
vOTU18117	FALSE	FALSE	FALSE	FALSE	FALSE	FALSE
vOTU18122	FALSE	FALSE	FALSE	FALSE	FALSE	FALSE
vOTU18128	FALSE	FALSE	FALSE	FALSE	FALSE	FALSE
vOTU18129	FALSE	FALSE	FALSE	FALSE	FALSE	FALSE
vOTU18130	FALSE	FALSE	FALSE	FALSE	FALSE	FALSE
vOTU18162	FALSE	FALSE	FALSE	FALSE	FALSE	FALSE
vOTU18168	FALSE	FALSE	FALSE	FALSE	FALSE	FALSE
vOTU18169	TRUE	FALSE	FALSE	FALSE	FALSE	FALSE
vOTU18172	FALSE	FALSE	FALSE	FALSE	FALSE	FALSE
vOTU18173	FALSE	FALSE	FALSE	FALSE	FALSE	FALSE
vOTU18192	FALSE	FALSE	FALSE	FALSE	FALSE	FALSE
vOTU18200	FALSE	TRUE	FALSE	FALSE	FALSE	FALSE
vOTU18201	FALSE	FALSE	FALSE	FALSE	FALSE	FALSE
vOTU18202	FALSE	FALSE	FALSE	FALSE	FALSE	FALSE
vOTU18207	FALSE	TRUE	FALSE	FALSE	FALSE	FALSE
vOTU18224	FALSE	TRUE	FALSE	FALSE	FALSE	FALSE
vOTU18225	FALSE	FALSE	FALSE	FALSE	FALSE	FALSE
vOTU18237	FALSE	FALSE	FALSE	FALSE	FALSE	FALSE
vOTU18250	FALSE	FALSE	FALSE	FALSE	FALSE	FALSE
vOTU18253	TRUE	FALSE	FALSE	FALSE	FALSE	FALSE
vOTU18258	FALSE	FALSE	FALSE	FALSE	FALSE	FALSE
vOTU18261	TRUE	FALSE	FALSE	FALSE	FALSE	FALSE
vOTU18262	FALSE	FALSE	FALSE	FALSE	FALSE	FALSE
vOTU18267	FALSE	TRUE	FALSE	FALSE	FALSE	FALSE
vOTU18271	FALSE	FALSE	FALSE	FALSE	FALSE	FALSE
vOTU18294	FALSE	FALSE	FALSE	FALSE	FALSE	FALSE
vOTU18295	FALSE	FALSE	FALSE	FALSE	FALSE	FALSE
vOTU18297	TRUE	FALSE	FALSE	FALSE	FALSE	FALSE
vOTU18299	FALSE	FALSE	FALSE	FALSE	FALSE	FALSE
vOTU18305	FALSE	FALSE	FALSE	FALSE	FALSE	FALSE
vOTU18306	FALSE	FALSE	FALSE	FALSE	FALSE	FALSE
vOTU18314	FALSE	FALSE	FALSE	FALSE	FALSE	FALSE
vOTU18319	FALSE	FALSE	FALSE	FALSE	FALSE	FALSE
vOTU18322	FALSE	FALSE	FALSE	FALSE	FALSE	FALSE
vOTU18323	FALSE	FALSE	FALSE	FALSE	FALSE	FALSE
vOTU18334	FALSE	FALSE	FALSE	FALSE	FALSE	FALSE
vOTU18335	FALSE	FALSE	FALSE	FALSE	FALSE	FALSE
vOTU18341	FALSE	FALSE	FALSE	FALSE	FALSE	FALSE
vOTU18342	FALSE	FALSE	FALSE	FALSE	FALSE	FALSE
vOTU18344	TRUE	TRUE	FALSE	FALSE	FALSE	FALSE
vOTU18348	FALSE	FALSE	FALSE	FALSE	FALSE	FALSE
vOTU18350	FALSE	FALSE	FALSE	FALSE	FALSE	FALSE
vOTU18353	FALSE	FALSE	FALSE	FALSE	FALSE	FALSE
vOTU18355	TRUE	FALSE	FALSE	FALSE	FALSE	FALSE
vOTU18362	FALSE	FALSE	FALSE	FALSE	FALSE	FALSE
vOTU18365	FALSE	FALSE	FALSE	FALSE	FALSE	FALSE
vOTU18372	FALSE	FALSE	FALSE	FALSE	FALSE	FALSE
vOTU18377	TRUE	FALSE	FALSE	FALSE	FALSE	FALSE
vOTU18378	FALSE	FALSE	FALSE	FALSE	FALSE	FALSE
vOTU18390	TRUE	FALSE	FALSE	FALSE	FALSE	FALSE
vOTU18401	FALSE	FALSE	FALSE	FALSE	FALSE	FALSE
vOTU18403	FALSE	FALSE	FALSE	FALSE	FALSE	FALSE
vOTU18409	FALSE	FALSE	FALSE	FALSE	FALSE	FALSE
vOTU18411	FALSE	TRUE	FALSE	FALSE	FALSE	FALSE
vOTU18412	TRUE	TRUE	FALSE	FALSE	FALSE	FALSE
vOTU18413	FALSE	FALSE	FALSE	FALSE	FALSE	FALSE
vOTU18417	FALSE	FALSE	FALSE	FALSE	FALSE	FALSE
vOTU18432	FALSE	FALSE	FALSE	FALSE	FALSE	FALSE
vOTU18433	FALSE	FALSE	FALSE	FALSE	FALSE	FALSE
vOTU18442	FALSE	FALSE	FALSE	FALSE	FALSE	FALSE
vOTU18443	FALSE	FALSE	FALSE	FALSE	FALSE	FALSE
vOTU18444	FALSE	FALSE	FALSE	FALSE	FALSE	FALSE
vOTU18451	FALSE	FALSE	FALSE	FALSE	FALSE	FALSE
vOTU18453	FALSE	FALSE	FALSE	FALSE	FALSE	TRUE
vOTU18455	FALSE	FALSE	FALSE	FALSE	FALSE	FALSE
vOTU18460	FALSE	FALSE	FALSE	FALSE	FALSE	FALSE
vOTU18465	FALSE	FALSE	FALSE	FALSE	FALSE	FALSE
vOTU18474	TRUE	FALSE	FALSE	FALSE	FALSE	FALSE
vOTU18478	TRUE	FALSE	FALSE	FALSE	FALSE	FALSE
vOTU18482	TRUE	FALSE	FALSE	FALSE	FALSE	FALSE
vOTU18485	TRUE	FALSE	FALSE	FALSE	FALSE	FALSE
vOTU18489	FALSE	FALSE	FALSE	FALSE	FALSE	FALSE
vOTU18491	FALSE	FALSE	FALSE	FALSE	FALSE	FALSE
vOTU18494	FALSE	FALSE	FALSE	FALSE	FALSE	TRUE
